cert,name,period_end,total_assets,total_deposits,total_equity,net_income,net_loans,loan_loss_allowance,npl_ratio,tier1_capital_ratio,return_on_assets,return_on_equity
628,JPMORGAN CHASE BANK NA,20251231,3752662000,2697842000,335936000,49644000,1471951000,25539000,0.3618498015542034,15.29035880700036,1.3448553188805723,15.32
3510,BANK OF AMERICA NA,20251231,2636823000,2101968000,246250000,30380000,1166885000,13188000,0.38356764940232996,12.471807379783922,1.1544462063028051,12.24
7213,CITIBANK NATIONAL ASSN,20251231,1836436000,1465300000,176530000,15178000,700763000,17160000,0.30254253347244336,14.327392160721764,0.8458257679165101,8.67
3511,WELLS FARGO BANK NA,20251231,1822693000,1483390000,173751000,24639000,939271000,13806000,0.6473937190739197,12.813860375009714,1.4074992133907964,14.45
6548,U S BANK NATIONAL ASSN,20251231,676125227,533475213,67960628,7887488,386268399,7604656,0.8718472206924472,13.01934411681589,1.1776047780853787,12.02
4297,CAPITAL ONE NATIONAL ASSN,20251231,658464240,504752862,97584212,3201974,430973294,23408802,1.2072834813322588,13.441021406441722,0.5450581333493583,3.93
33124,GOLDMAN SACHS BANK USA,20251231,644997000,438331000,65331000,8737000,226576000,1470000,0.39395532072242195,15.634852463176802,1.421082970295999,13.43
6384,PNC BANK NATIONAL ASSN,20251231,568338163,450665135,59441103,7234397,329027570,4409822,0.5614388066352672,11.911160490694071,1.295406060461283,12.79
9846,TRUIST BANK,20251231,539519000,409427000,63223000,5537000,325296000,5028000,0.42408145032890404,11.778797245368427,1.0402951379494856,8.93
639,BANK OF NEW YORK MELLON,20251231,380997000,332433000,29822000,4828000,40480000,224000,0.03464594209403224,16.330936280326533,1.3133776820461704,16.35
14,STATE STREET BANK&TRUST CO,20251231,360681000,280582000,28919000,3025000,46770000,193000,0.07153135319021517,16.27318149336108,0.832988205437747,10.62
18409,TD BANK NATIONAL ASSN,20251231,346188188,283537865,49728084,1932703,163682980,2726180,0.605950194926928,18.10505189415813,0.5390262720790824,3.99
34221,MORGAN STANLEY PRIVATE BK NA,20251231,254706000,222599000,17721000,2582000,174033000,357000,0.18648952125195323,26.060938422784414,1.0986934823902668,14.69
57450,CHARLES SCHWAB BANK SSB,20251231,253772000,230499000,18658000,2404000,54699000,36000,0.01733839824724556,35.92953590270947,0.9387859981864717,11.76
32992,MORGAN STANLEY BANK NA,20251231,253348000,205145000,25576000,4497000,101315000,553000,0.3426117435306377,20.28739821634815,1.8621565238419804,18.47
16571,BMO BANK NATIONAL ASSN,20251231,252074150,196979273,37358799,2432995,137554293,2248839,0.6052790419009645,14.736711755410404,0.953471060568599,6.74
11063,FIRST-CITIZENS BANK&TRUST CO,20251231,229332000,162082000,23371000,2291000,147163000,1566000,0.7329984476653933,12.549753640342425,1.001235921075863,10.2
57957,CITIZENS BANK NATIONAL ASSN,20251231,225863637,186283426,26838113,1922368,142165126,1942574,0.9031498062700548,12.274058567157411,0.871318329941014,7.45
6560,HUNTINGTON NATIONAL BANK,20251231,224047234,180595114,24293048,2524076,148398763,2537122,0.5492565018678159,11.718730969965556,1.1998613549659756,11.79
6672,FIFTH THIRD BANK NA,20251231,213730000,175203000,24648000,2848000,121131000,2253000,0.5062461984747111,13.091133923394674,1.3442002103144712,12.12
588,MANUFACTURERS&TRADERS TR CO,20251231,212887157,171492971,28333192,2949420,136667601,2115241,0.9126999615105951,12.127026130188645,1.4017772070413985,10.49
27471,AMERICAN EXPRESS NB,20251231,211275193,167788454,19010556,8009173,165259395,5849602,0.5733659417364726,10.940172613486233,3.8855330674183493,43.03
57803,ALLY BANK,20251231,184648000,155037000,15277000,1649000,134313000,3493000,0.7517005329058534,12.502097338348083,0.9095211252690231,11.26
17534,KEYBANK NATIONAL ASSN,20251231,181707510,153659819,19074946,2158160,106385212,1437653,0.443711985266872,12.751931258611593,1.173893112802461,11.87
913,NORTHERN TRUST CO,20251231,176396321,145215355,11411586,1704381,41783958,164323,0.057705285134603226,12.066595578261682,1.0184855941154014,15.34
57890,HSBC BANK USA NATIONAL ASSN,20251231,165262283,137520133,16200640,1520010,53954351,388147,0.4460830303306411,15.918047152006382,0.917536070640927,9.39
12368,REGIONS BANK,20251231,158218000,131987000,18071000,2251000,94567000,1556000,0.6156063153370666,11.643020300485796,1.4265579330816947,12.9
57565,UBS BANK USA,20251231,119317920,104634334,9741941,1320155,88574373,108630,0.08722746759246222,28.978847790551587,1.129606790546526,13.69
27314,SYNCHRONY BANK,20251231,112115000,83376000,14552000,3253000,89862000,10178000,1.9649467065067119,13.704576480180094,2.887351571667208,22.52
32188,USAA FEDERAL SAVINGS BANK,20251231,107989000,93391000,5260000,432000,43145000,1902000,0.47597440480048897,16.4563954524395,0.40046795422058,9.32
29950,SANTANDER BANK N A,20251231,104148024,82137678,14170802,1390954,53028860,1232425,0.9502090985422824,20.744239163425107,1.3570153103491385,10.46
17281,CITY NATIONAL BANK,20251231,98429760,78538052,12386276,902610,68195885,682563,0.42549834521591845,16.176037344306437,0.9512106469461604,7.63
57512,WESTERN ALLIANCE BANK,20251231,92735703,77639392,7815796,957307,61829867,460690,1.7686348913535492,11.76150802680162,1.1029357259106718,12.98
2270,ZIONS BCORP N A,20251231,88989689,75875678,7179703,898702,60440004,678051,0.364949022352466,11.47811999817883,1.0139184027452557,13.58
32541,FLAGSTAR BANK NATIONAL ASSN,20251231,87511954,65999563,8144856,-129429,59966654,1029999,3.6764600182507636,12.833616956345287,-0.13799811935140668,-1.52
18221,WEBSTER BANK NATIONAL ASSN,20251231,83985466,68898748,9774130,1027166,55892585,719411,0.6114748473265601,12.192137671985195,1.2584898622517158,10.62
4977,FIRST HORIZON BANK,20251231,83572753,68096612,9188421,1108723,63831091,738493,0.7485238639918922,10.976325170603413,1.347792016143313,12.18
31628,EAST WEST BANK,20251231,79661753,67208343,8151065,1333712,56089375,809773,0.2710585593063713,13.853559975288704,1.7190640724487023,17.27
8273,UMB BANK NATIONAL ASSN,20251231,72780016,61057431,7527586,677408,38361960,419478,0.23065260112061528,11.339640643881975,1.0113511222390734,10.56
3832,OLD NATIONAL BANK,20251231,71771976,55594013,8112742,745732,48247553,569520,0.7350180800372558,11.053299073672754,1.164154127517348,10.2
33555,SOUTHSTATE BANK NA,20251231,67179734,55223931,9669919,866549,48358673,585197,0.4627377655291103,12.544468134091998,1.3951772655142562,9.84
17266,COLUMBIA BANK,20251231,66821352,54336279,8141845,580872,47572182,466424,0.30414080816562944,12.322039187954962,1.0039942125110435,8.8
9396,VALLEY NATIONAL BANK,20251231,64061947,52309907,8185196,619761,49579566,583400,0.6915977748849875,12.461027123869265,0.9870829912767239,7.71
33306,CIBC BANK USA,20251231,63978350,50773784,11175461,906179,39264805,481432,0.8890538752562391,17.215739133527432,1.4680115177714252,8.5
33653,BANK OF CHINA,20251231,61890846,23144543,,,15222153,,0,0,0,
34968,BANCO POPULAR DE PUERTO RICO,20251231,59766000,54800000,3778000,699000,26810000,718000,1.2197570525047685,15.589309988770411,1.1738390077281933,19.88
35583,PINNACLE BANK,20251231,57636946,47876135,6929788,689186,38809822,441540,0.250332486388158,11.129884373940333,1.2537159462038843,10.21
5510,FROST BANK,20251231,53127804,43333423,4541125,662157,21610318,281495,0.17599071100322536,14.326372658405889,1.2643509572478149,15.85
4214,BOKF NATIONAL ASSN,20251231,52005221,39680944,5495781,554417,25425488,275860,0.2904785271463417,12.023560032108376,1.0971746627883445,10.32
7888,FIRST NB OF PENNSYLVANIA,20251231,50018001,39124307,6711049,633751,34819377,436530,0.23683073619835388,11.370131538106811,1.2858520865222585,9.84
57203,BARCLAYS BANK DELAWARE,20251231,47613000,38116000,6403000,397000,33932000,2636000,1.3021653750026254,13.633878636756958,0.869096927293584,6.36
26881,SOFI BANK NATIONAL ASSN,20251231,46568135,39706752,6030419,737386,36743813,50933,0.07242935539505715,16.43757166701058,1.9606427346081465,14.17
34775,EVERBANK NATIONAL ASSN,20251231,46033756,36963768,4100958,313734,35617829,285922,1.0462583153110514,12.374791983805778,0.7197214920490382,8.1
5296,ASSOCIATED BANK NA,20251231,45145405,35635550,4800581,483092,30858045,378068,0.2936511478853717,10.518643775892192,1.0995049724052457,10.44
33893,RAYMOND JAMES BANK,20251231,43374103,39278356,3166096,623424,35681944,376960,0.28444161715574845,13.948091710856184,1.4724284986109826,20.4
623,DEUTSCHE BANK TR CO AMERICAS,20251231,43031000,30856000,9808000,764000,14949000,32000,0.3811205874834422,56.615100438697766,1.8575520187505772,7.77
4063,MIDFIRST BANK,20251231,41367487,24559280,3903444,477785,31756585,221325,11.435362268923901,18.52775294318274,1.185106851725084,12.57
110,BANK OZK,20251231,40785840,33384965,6129851,715480,31842064,475721,0.9703514749236499,11.724373747656958,1.7774041964158331,12.05
16835,PROSPERITY BANK,20251231,38458815,28768719,7369747,556320,21471626,333742,0.39218577067442145,16.50781135414979,1.4367250899058512,7.55
34589,ATLANTIC UNION BANK,20251231,37497884,30494591,5716082,318496,27519545,295108,0.41287129695104935,13.018025916049872,0.991076730920757,6.7
12441,HANCOCK WHITNEY BANK,20251231,35458426,29554747,4341452,496683,23683956,307731,0.4236059434787094,13.239126595897874,1.4093457525564057,11.78
58979,BANKUNITED NATIONAL ASSN,20251231,35027511,29611980,3166950,313639,24053882,219825,1.5326552891525749,12.72861395861555,0.8932944932981026,9.84
24045,BANC OF CALIFORNIA,20251231,34710463,27999648,3862210,265551,24970011,245604,0.8775135036372175,13.154159676057144,0.7812695141957652,6.92
33947,TD BANK USA NATIONAL ASSN,20251231,34631887,28737467,3863507,401797,8795785,899934,0.5964416550562203,28.611555880317574,1.156688942873355,9.37
5452,FIRST NATIONAL BANK OF OMAHA,20251231,34573634,28157587,3749154,491214,23875276,958503,0.592199824872329,11.640950975896164,1.513722738174403,14.29
22858,UNITED BANK,20251231,33545963,27249096,5577829,486335,24442881,297518,0.32887116700152563,13.748518956173767,1.4997872848395728,9.02
24998,COMMERCE BANK,20251231,32722351,25937792,3280934,561585,17596124,179468,0.12910747152611377,15.319056388678515,1.7445936949283833,18.6
7551,FULTON BANK NATIONAL ASSN,20251231,31982120,26848886,3530379,424948,23796531,364462,0.5789484874673724,12.835261499972242,1.33108615155256,12.47
30788,GLACIER BANK,20251231,31955659,24781560,4199764,261418,20711663,255319,0.21519819071795704,12.670231324857387,0.8973055187134905,7.34
7946,BNY MELLON NATIONAL ASSN,20251231,31329000,26728000,3496000,287000,18774000,21000,0.03511123878834307,14.351961015483768,0.93903779708931,8.02
34383,TEXAS CAPITAL BANK,20251231,31263826,26740905,3555602,344264,23774006,270557,0.44970183751662385,13.00582616601042,1.0973166460522958,10.1
32773,EASTERN BANK,20251231,30579383,25666442,4143226,103786,22775984,331841,0.5635790624029269,12.405751914978428,0.3930757822051269,2.88
58177,SALLIE MAE BANK,20251231,29734290,21522962,2889845,857203,21308181,1437857,0.5089107558983248,11.088840285074479,2.898452824010997,29.63
20234,CITY NB OF FLORIDA,20251231,28048551,21943367,2907244,260861,19636395,220359,0.7118121716875856,14.352968500802971,0.9551085822046312,9.62
16889,UNITED COMMUNITY BANK,20251231,27929114,24136285,3391455,333146,19213269,210429,0.3321587645064573,12.337708002871453,1.1862655808587914,9.91
8728,ARVEST BANK,20251231,27787109,24329038,2303697,140414,19552319,217203,0.628025031319379,11.439859988282633,0.5142777168820701,6.56
803,WESBANCO BANK INC,20251231,27619827,21831113,4160466,249684,19097534,218749,0.4706256849472663,12.024819537519528,0.9713957178195114,6.58
20504,AMERIS BANK,20251231,27432143,22459772,4070169,437635,21788533,348141,0.44267777402589364,13.434696913614339,1.6372347867448518,11.12
28088,WAFD BANK,20251231,27269094,21505529,3055489,248748,19851887,199539,0.7337464163642546,13.443934353023563,0.9147107028278758,8.21
35546,AXOS BANK,20251231,27205173,23506039,2604036,436285,23242540,271271,0.4132890461678005,11.118250776702524,1.7679653950229208,17.54
33497,CHARLES SCHWAB PREMIER BK SS,20251231,27022000,25005000,1995000,376000,3487000,0,0,41.997245179063356,1.4650530302439937,17.28
12437,RENASANT BANK,20251231,26747636,21774368,4049369,206880,19019043,293955,0.7149043003277,11.996672052689906,0.8887805732913087,5.94
1105,FIRST INTERSTATE BANK,20251231,26568494,22396621,3371314,332663,15083831,191432,0.5204020973111988,14.127786158021227,1.2002293641948176,9.95
18714,FIRSTBANK,20251231,26480975,23072950,1860280,323124,15954276,169369,0.34470785158023826,16.097848135704094,1.2037051786114399,18.89
58303,AMERIPRISE BANK FSB,20251231,25314311,23665150,1581355,747483,1930172,11284,0.013130912391808728,32.62594252698973,3.0785404221838726,52.44
12010,PROVIDENT BANK,20251231,24946372,19322398,3165569,314979,19334004,184767,0.3014546564125637,12.148354572801455,1.284499134932067,10.38
9712,ROCKLAND TRUST CO,20251231,24909975,20256765,3875657,224549,18349809,189877,0.3438662624109418,14.510065809765191,1.0279591296096013,6.61
34444,CUSTOMERS BANK,20251231,24881148,21001171,2155427,234585,16626861,155656,0.3067864875045155,13.2516544027014,1.0077005444147458,11.95
3890,SIMMONS BANK,20251231,24498708,20726455,3197586,-361094,17285240,224377,0.5091982809868995,10.557774645401299,-1.4008547815742864,-10.61
18503,CATHAY BANK,20251231,24213489,20911412,3013158,326851,19944464,195911,0.593090900695889,13.724838368481995,1.3825303099332882,11.03
18053,BANK OF HAWAII,20251231,24142511,21269027,1751664,207774,13939653,146766,0.10947494235375932,13.893465024851686,0.8713843582066356,12.67
17985,FIRST HAWAIIAN BANK,20251231,23958223,20533140,2757205,284089,14145431,168468,0.1849177211515228,13.096624124541755,1.1888674676146616,10.6
58457,TRISTATE CAPITAL BANK,20251231,23338425,21481655,1613294,168257,17779863,62711,0.36734698249774783,17.937758564515644,0.7752137706442587,11.19
17798,BEACON BANK&TRUST,20251231,23181570,19711150,2508972,102410,17776713,252839,0.6557019218284179,11.218402549454876,0.6277739042951602,5.9
11241,CENTENNIAL BANK,20251231,22716797,17895325,3997010,484902,15297172,297583,0.5494216460181425,14.815884260456262,2.1393079848544856,12.46
33682,STATE BANK OF INDIA,20251231,22604140,13187701,,,14839841,,0,0,0,
1768,MECHANICS BANK,20251231,22367624,19035000,3062588,272643,14033057,153319,0.2349243710462944,15.594015101611832,1.4396081216913375,10.38
17838,WILMINGTON SVG FUND SOCIETY,20251231,21217946,17933957,2678024,297875,13143600,179647,0.44544368243749893,14.058879181559547,1.4343494397184304,11.63
6600,FIRST FINANCIAL BANK,20251231,20985843,16764129,2736506,290161,13254535,186487,0.48782886634575506,11.897985802628375,1.530391704453224,11.49
131,SEACOAST NATIONAL BANK,20251231,20830874,16264595,3036739,152737,12465478,178803,0.3672001472429817,13.821184609039367,0.9056616885722035,6.35
57408,OPTUM BANK INC,20251231,20824000,16038000,2960000,534000,8864000,72000,0.12485593545908567,17.00235417211614,2.7241284319427015,20.72
12633,CENTRAL TRUST BANK,20251231,20799746,16767703,1874332,357091,11338224,149674,0.24211834125282108,12.881369337382855,1.824880241962631,19.28
35095,TOWNEBANK,20251231,19687341,16603306,2422066,169527,13342906,147343,0.07058342718805957,11.342526667274642,0.9028237490698402,7.33
57311,STIFEL BANK&TRUST,20251231,19412996,17855157,1334746,352407,14844770,101037,0.8787412308744101,11.184012489905461,1.8241522736457307,26.13
8056,MERCHANTS BANK OF INDIANA,20251231,19390856,13101471,2235386,227576,15444488,83301,1.3303022826841684,12.83518077522926,1.1960757221004443,10.59
16068,APPLE BANK,20251231,19220381,15709760,1577446,62959,13274204,63652,0.37249521744652203,11.298893847494174,0.34293855423960057,4.07
30387,FIRSTBANK PUERTO RICO,20251231,19111594,16723991,1898022,323561,12893016,249037,0.699146287850192,15.603816029416162,1.6906250210308587,18.04
4365,FIRST MERCHANTS BANK,20251231,19011326,15336558,2469036,235942,13616189,195597,0.3917296457911458,11.860432387458514,1.2669295611821485,9.95
4988,TRUSTMARK BANK,20251231,18922957,15640943,2215483,233977,13795951,157071,1.032523616684221,12.325263275456539,1.2609318447845104,10.9
26610,BANK OF HOPE,20251231,18526390,15620679,2366522,75599,14631256,156661,0.8185026872477584,12.821155589016762,0.42149528142614207,3.3
16450,BUSEY BANK,20251231,18052735,15032901,2483450,172762,13399528,174023,0.3001539655902554,13.968322111931968,0.9174213028006993,7.17
57993,SERVISFIRST BANK,20251231,17725922,14245239,1878159,279423,13536973,171683,0.9676732189163418,11.833922724827513,1.5755808187595834,15.69
30012,THIRD FS&LA OF CLEVELAND,20251231,17487528,10540199,1702152,88698,15756128,74984,0.2341611690342969,15.82458858309343,0.513063362058434,5.16
27237,ENTERPRISE BANK&TRUST,20251231,17269411,14764146,2006846,208336,11661244,140022,1.1190653809791196,11.944273060297851,1.2874561996012925,10.88
6989,COMMUNITY BANK NATIONAL ASSN,20251231,17000592,14553206,1615176,182973,10861944,88381,0.3803749892944905,12.018296848988848,1.1062501741240784,12.24
28178,NORTHWEST BANK,20251231,16771847,14162843,1962200,141404,12879541,150212,0.6439660461963431,12.754228293549103,0.9231034533903129,8.11
28489,BANNER BANK,20251231,16347870,13812149,1951461,203390,11604313,160276,0.3132946371606821,12.893046159892698,1.2442289621583962,10.79
4239,FIRST UNITED BANK&TRUST CO,20251231,16273258,13128243,1558770,159228,12487528,128471,1.3461594476041614,12.244505186942515,0.9743040910589935,10.87
8663,FIRSTBANK,20251231,16265349,13932191,1975296,128622,12398719,185983,0.9503823127311931,11.693718242813896,0.8930179592686552,7.44
33681,BANK OF BARODA,20251231,15915772,9968885,,,10041087,,0,0,0,
7230,NBT BANK NATIONAL ASSN,20251231,15879824,13632370,1848419,160243,11461222,138000,0.3282467110466715,11.924837234817932,1.0649654229001932,9.48
21716,CITIZENS BUSINESS BANK NA,20251231,15634835,12127912,2270968,214681,8622032,77161,0.031007682524311898,15.663151757207567,1.3913818128993196,9.65
25178,BANK OF AMERICA CA NA,20251231,15505000,13089000,1886000,84000,9721000,13000,0.4514672686230248,36.850332161000395,0.5432462845834465,4.55
57542,TOYOTA FINANCIAL SB,20251231,15431880,13206169,1469328,34627,7618901,70444,0.06038149596808685,15.744459205385297,0.3012778262182306,3.28
3066,FIRST FINANCIAL BANK,20251231,15381581,13499192,1741154,238001,8082733,105536,0.36597018212887217,18.174227215768486,1.6375454963958875,14.9
6976,DIME COMMUNITY BANK,20251231,15332384,12949436,1645437,125879,10662825,97372,0.34118634127608594,14.40351908731734,0.8683736281305402,7.79
34967,POPULAR BANK,20251231,15061146,12033706,2091633,87762,11583124,90135,0.2631805043255009,13.789714765900356,0.5951899197850659,4.31
58665,LIVE OAK BANKING CO,20251231,15057824,13825105,1137648,114603,12201413,192264,3.779775882624209,10.45791800520702,0.8216395553024584,10.95
57833,BEAL BANK USA,20251231,14512815,3550782,2787886,101391,3927901,41522,0.7852301569337169,53.50570291740734,0.6301513541625751,3.28
28359,OCEANFIRST BANK NA,20251231,14471649,11041860,1737430,83022,10976434,83726,0.2636672572697141,11.539003450141292,0.6061038516920776,4.87
19581,BELL BANK,20251231,14443599,12375717,1412593,84845,12355638,129651,0.7726952264459849,11.493484458855328,0.5918452107658141,6.11
19977,ISRAEL DISCOUNT BANK OF NY,20251231,14430208,12510967,1429190,76016,9874748,94753,0.7901064211964235,13.83571924906904,0.5435579198017816,5.54
57919,CONNECTONE BANK,20251231,13993791,11296431,1711901,94181,11299366,154305,0.4529651757697396,12.35936739021748,0.7652482255903764,6.2
29209,NEXBANK,20251231,13937262,10798449,1207876,164785,9448436,40510,1.0796094670531415,14.621800289143616,1.1701002958123752,12.89
57570,COMENITY CAPITAL BANK,20251231,13626906,10445771,1770490,209750,10335156,1335771,3.174880636881182,13.460081330802614,1.595358975621181,11.44
35141,BMW BANK OF NORTH AMERICA,20251231,12814515,8618246,1739304,286667,9619716,48593,0.08505198987242202,14.528418068536133,2.3080568976801352,15.84
17491,PLAINSCAPITAL BANK,20251231,12749613,10914073,1505737,134982,8826051,91510,0.7473089575346327,14.49385586151174,1.0544700634463158,9.06
15019,FIRST BANK,20251231,12659342,10757586,1707303,117937,8606628,123581,0.298119760094956,14.689201407005523,0.9421796167891701,7.26
32245,DOLLAR BANK FSB,20251231,12513390,10127762,1280006,63202,9601724,90811,0.8918766217627678,15.208831256004473,0.5261692046339986,5.19
26876,SAFRA NB OF NEW YORK,20251231,12464657,10758315,1329866,107287,3273511,26101,0,22.3307252681116,0.9237123159994803,8.22
31469,ORIENTAL BANK,20251231,12384752,10265021,1331724,189536,8014246,202341,1.6536867270333715,13.436101161147834,1.5892975847365716,15.23
7468,FIRST COMMONWEALTH BANK,20251231,12311455,10343364,1510142,160353,9653723,125768,0.7637927442369727,11.692220562194244,1.3339164134615977,11.02
27476,BANCFIRST,20251231,12118977,10580144,1366130,211130,6783694,81142,0.5444106379606134,17.111875452716323,1.7892297976311862,16.4
1225,FARMERS&MERCHANTS BK LONG BE,20251231,11797060,8950794,1606287,68350,5983529,84020,0.06677935010926452,18.83963072858974,0.5893127177288475,4.78
57358,STIFEL BANK,20251231,11735326,10807482,812790,171446,7663067,31207,0.000051127680645599446,11.837503221356378,1.4909270385809263,22.64
32551,LENDINGCLUB BANK NA,20251231,11472011,9948426,1305655,131650,6231766,275743,0.5430434123537713,15.472231057922087,1.2209393934588253,10.81
28834,COLUMBIA BANK,20251231,11018560,8526735,1102652,51603,8224808,67201,0.35578151773008454,13.199844173554945,0.4805484280936193,4.81
58629,STELLAR BANK,20251231,10792468,9073259,1636813,113925,7216962,83629,0.556313903362975,13.826178361555192,1.0697343608967955,7.02
1281,WASHINGTON TRUST BANK,20251231,10682990,8946579,967306,95097,7203304,154789,0.5116825907353653,11.68006044250232,0.8901313721844473,10.16
34742,EAGLEBANK,20251231,10445598,9142300,1159492,-119484,7211505,159604,1.9101156295695088,13.467216040698297,-1.1041581622011702,-9.98
59108,CHARLES SCHWAB TRUST BANK,20251231,10434593,9640312,765803,195672,0,0,0,85.96485247748164,1.9682628776459548,25.27
33686,BANK HAPOALIM B M,20251231,10198054,7379612,,,8004703,,0,0,0,
11124,S&T BANK,20251231,9864607,7970793,1461635,139708,7979789,93178,0.5632054069665421,14.296556886853395,1.4300382341871343,9.9
59052,NBH BANK,20251231,9836878,8442428,1246458,117203,7369335,87384,0.42699523161718583,13.10619039878446,1.1782144713242704,9.47
21943,TRI COUNTIES BANK,20251231,9820725,8270252,1362147,124394,6988020,125762,0.7175030356720099,13.723889321178342,1.2666150696381695,9.26
27981,CAPITOL FEDERAL SAVINGS BANK,20251231,9796570,6820869,994543,73525,8181674,24572,0.501716417072506,0,0.7566917848888017,7.47
22953,AMERANT BANK NATIONAL ASSN,20251231,9757923,7804932,978367,64532,6617959,79276,1.91548959753013,12.348184620619119,0.6390655422260981,6.67
19629,INTERNATIONAL BK OF COM,20251231,9753348,6545019,1971227,281264,6749515,112213,0.5752486223192282,20.86751949420925,2.92209938853088,15.32
6653,PARK NATIONAL BANK,20251231,9742967,8344022,1181597,186683,7958154,92973,0.7187440950995728,12.08311894397694,1.9039843117803965,16.42
12854,CENTIER BANK,20251231,9663367,7841307,982190,161815,7635097,95597,0.30504895446897545,12.842726395675216,1.6654613947149992,17.89
6544,PEOPLES BANK,20251231,9637101,7750473,1184257,120457,6683899,75676,0.4424255800577373,11.977290295579964,1.2744864128810343,10.4
20624,BYLINE BANK,20251231,9630743,7687930,1354170,142011,7414156,108834,0.7754749555667719,13.35490068748864,1.4741437056292461,11.13
12614,ORIGIN BANK,20251231,9620310,8348199,1130219,73324,7575167,96782,0.8506378692578513,12.61956537221876,0.7614535126108911,6.52
33935,WINTRUST BANK NATIONAL ASSN,20251231,9575716,8334919,1059419,179153,7785125,75997,0.41840213306242585,11.513454993918335,1.8809871137478906,16.75
14531,AMARILLO NATIONAL BANK,20251231,9551998,8336986,1077040,172653,7002497,91320,1.1612963068040845,12.613468050529836,1.775161179572411,16.75
258,STOCK YARDS BANK&TRUST CO,20251231,9533246,7793115,1074255,144390,6955690,91867,0.13871455745503683,11.823160078502031,1.5730953648999464,14.33
27589,LAKE FOREST B&T CO NA,20251231,9386148,7366496,861379,199914,6770513,45210,0.26201376752209743,11.00372372036906,2.203682601714546,24.18
35444,BCORP BANK NATIONAL ASSN,20251231,9349048,8176103,870023,252159,7189865,66200,1.6648219155576054,14.025528799764043,2.8115057851844516,28.21
34507,PRINCIPAL BANK,20251231,9333205,8790488,491065,111378,2847620,8369,0.14303768105382877,15.461827884450171,1.2433711265553273,25.47
34519,MERRICK BANK,20251231,9251625,7251704,1878028,99658,7548753,1367240,3.789518057638523,20.094327575662167,1.1612235463574614,5.74
23220,WOODFOREST NATIONAL BANK,20251231,9248621,8440909,756563,139953,6050307,82146,1.0284884633071245,10.599409649872763,1.5343172545301786,19.47
57038,NICOLET NATIONAL BANK,20251231,9170369,7919883,1190618,149015,6781159,68806,0.3527229929351807,11.158637752349845,1.6612966477471829,12.75
13421,UNION BANK&TRUST CO,20251231,9093084,7734474,955606,141821,6746224,108721,0.39293599399279716,12.37072148306605,1.6029886134130973,15.93
9087,1ST SOURCE BANK,20251231,9052654,7226078,1218532,166064,6889689,161846,0.8639786740993305,14.815290863030473,1.8419006714822903,14.49
27389,WELLS FARGO NB WEST,20251231,9005208,7253406,1603560,84127,5036122,16361,0.46033362027839886,57.38448457405,0.8694713376143758,5.43
17943,LIBERTY BANK,20251231,8984131,6949290,1172614,84280,6900235,84736,0.31328572568676927,13.617287948430622,0.9932400281670991,7.51
32526,AMERICAN SAVINGS BANK FSB,20251231,8979486,8180399,669876,-30194,6030413,57557,0.31996263483232784,13.462147401080903,-0.3351757453625215,-4.93
622,AMALGAMATED BANK,20251231,8867199,7992617,812710,107332,4902501,57586,0.3231121800694898,14.584785958992805,1.2560475050245061,13.87
10634,PINNACLE BANK,20251231,8860281,7840122,857917,107128,6535146,73002,0.13252401362891314,12.36996617481276,1.2553254188117042,13.77
58564,FLUSHING BANK,20251231,8692562,7342429,913216,37512,6611150,42802,0.6767279888253889,13.73219742241638,0.42246520203053595,4.21
609,TOMPKINS COMMUNITY BANK,20251231,8678169,7133907,791954,32320,6432014,57671,0.5550594831697792,11.479540263273773,0.3877354665182267,4.59
33661,MIZRAHI TEFAHOT BANK LTD,20251231,8660666,4044553,,,2779740,,0,0,0,
23296,SALEM FIVE CENTS SB,20251231,8538245,5955731,963423,73591,6521887,79004,0.41015454581122934,13.050981506994102,0.8942520654645347,8
18297,SOUTHSIDE BANK,20251231,8508720,6942818,1064248,81558,4774223,45100,0.12615293487152004,16.66060558037468,0.9692960000228188,8.3
4767,SUNFLOWER BANK NATIONAL ASSN,20251231,8473383,7174386,1111067,107112,6688703,85016,0.8610728442229036,13.722468511895816,1.2852519142708463,10.15
34697,WEX BANK,20251231,8449841,6276206,766567,378235,2959390,48778,0.27062047676400064,14.983421913812773,4.617836727817023,55.65
7759,UNIVEST BANK&TRUST CO,20251231,8404657,7199956,907055,103267,6841927,88165,0.44925093314337516,10.719447098063867,1.261744788006911,11.37
17393,GERMAN AMERICAN BANK,20251231,8376930,7048051,1119548,121555,5805220,77694,0.35190696352959855,12.91120708907024,1.4576290714324223,11.71
13876,CNB BANK,20251231,8372231,7131555,932937,73449,6421403,64887,0.4965462610862027,13.456403003103054,1.0390585223551994,10.09
5633,FIRST SECURITY BANK,20251231,8360743,6564353,1189776,148348,4388829,111715,0.08513597415923442,20.775177263538293,1.8086865430200094,14.06
34699,METROPOLITAN COMMERCIAL BANK,20251231,8254538,7432272,726723,76423,6713152,97081,1.0525604219157996,10.48825776113472,0.973418217368518,10.57
58228,B1BANK,20251231,8208187,6715517,969217,97503,6136625,53959,1.0927991772117278,12.019688580094519,1.2266677979340983,10.56
3657,FIRST AMERICAN BANK,20251231,8113852,5096835,688880,135887,3142064,42357,0.3245437555429899,14.272091104464948,1.7198575371152034,21.46
628,JPMORGAN CHASE BANK NA,20250930,3813431000,2649438000,331953000,38227000,1433072000,25663000,0.3661532095375529,15.690456607057262,1.3864764326074568,15.88
3510,BANK OF AMERICA NA,20250930,2651090000,2094732000,251567000,22536000,1148203000,13236000,0.3677732555288579,13.030467124576054,1.1423722438577848,12.09
7213,CITIBANK NATIONAL ASSN,20250930,1844189000,1429905000,177068000,11688000,683489000,17242000,0.31059723271313294,14.005046824456826,0.8735377777117574,8.93
3511,WELLS FARGO BANK NA,20250930,1767105000,1424841000,172663000,18403000,898594000,13754000,0.6457454424043846,13.125377939597502,1.4162476051811923,14.46
6548,U S BANK NATIONAL ASSN,20250930,679293260,537704012,66797435,5743647,377450079,7557384,0.717092202563588,13.379001975234447,1.1460524799627103,11.77
4297,CAPITAL ONE NATIONAL ASSN,20250930,652138082,498961454,97868410,832034,428674115,23103042,1.1795325579529643,13.45790071788196,0.1947243232051453,1.43
33124,GOLDMAN SACHS BANK USA,20250930,644020000,424766000,65503000,6607000,210351000,3803000,0.388807800999969,15.865933099895793,1.45061673473807,13.56
6384,PNC BANK NATIONAL ASSN,20250930,563953196,439691784,57910433,5168623,323261994,4478167,0.5311811372374952,11.962806344421328,1.2394526636642333,12.34
9846,TRUIST BANK,20250930,535540000,404056000,62581000,4141000,320499000,4983000,0.4136012249318445,11.914854071234329,1.0408782016689093,8.95
639,BANK OF NEW YORK MELLON,20250930,366502000,318144000,29259000,3482000,37400000,248000,0.04038177145008758,16.222654457241514,1.2745401136023586,15.76
14,STATE STREET BANK&TRUST CO,20250930,366079000,286028000,28896000,2282000,46643000,190000,0.0633742989901087,15.522279871465273,0.8364102095361668,10.72
18409,TD BANK NATIONAL ASSN,20250930,350851701,287103077,49233714,1470590,164868839,2716502,0.5400250289794092,17.96503669742326,0.5421702900569323,4.07
32992,MORGAN STANLEY BANK NA,20250930,249681000,201602000,25985000,3368000,101207000,614000,0.3860926542267934,19.772736368402136,1.8825893097640447,18.68
16571,BMO BANK NATIONAL ASSN,20250930,249342469,194762480,36775634,1766816,136983488,2209168,0.6433905970506774,14.732633438214535,0.9203843389992311,6.58
57450,CHARLES SCHWAB BANK SSB,20250930,243112000,214260000,21328000,1680000,50929000,22000,0.016864654973839217,40.81172783547877,0.8727578766906453,10.72
34221,MORGAN STANLEY PRIVATE BK NA,20250930,240201000,213792000,18034000,1841000,160854000,383000,0.2014979121652283,26.83587197157497,1.0668416626282424,13.99
11063,FIRST-CITIZENS BANK&TRUST CO,20250930,233167000,163582000,22326000,1673000,143216000,1651000,0.7338088151410791,12.345999514648035,0.9753926848092491,10.03
57957,CITIZENS BANK NATIONAL ASSN,20250930,222110656,183738600,26409305,1392322,140353379,1971530,0.8878844606176841,12.412002942345618,0.8464324844479879,7.27
6672,FIFTH THIRD BANK NA,20250930,212207000,169671000,24160000,2026000,121441000,2265000,0.462284467524634,12.948591498414386,1.2777439938697028,11.64
27471,AMERICAN EXPRESS NB,20250930,211134002,168152162,18165686,6114398,157391325,5803099,0.5746738983330596,10.956509829412528,3.979826808684467,44.03
588,MANUFACTURERS&TRADERS TR CO,20250930,210741944,167652764,28262985,2149833,134872037,2160729,0.9753568563455977,12.242231958569818,1.3663353955707844,10.22
6560,HUNTINGTON NATIONAL BANK,20250930,209540855,169742133,21678641,1894285,136283449,2374055,0.504019132688945,11.730046761869266,1.220456012809624,12.2
17534,KEYBANK NATIONAL ASSN,20250930,184694965,156170160,18803766,1573273,105659467,1456181,0.4658556880530013,12.828020210518144,1.1376680748781687,11.68
57803,ALLY BANK,20250930,180089000,152626000,15059000,1122000,131078000,3464000,0.7601796889315838,12.616471476822122,0.8289339537564087,10.32
913,NORTHERN TRUST CO,20250930,169571105,137905845,11258336,1240793,42785012,164339,0.05476109859636759,11.767637417598054,1.0021396506161173,14.99
57890,HSBC BANK USA NATIONAL ASSN,20250930,162239855,135104784,16454465,1127783,56900025,468766,0.5080416276259616,16.338422012604312,0.9071270810867121,9.3
12368,REGIONS BANK,20250930,158598000,131484000,18047000,1756000,95104000,1581000,0.6229586753931323,11.662332466493298,1.4847702395900713,13.54
57565,UBS BANK USA,20250930,115279525,99606474,9367765,999710,87484140,107153,0.1667260513087645,27.682257055894176,1.1465309845542084,13.85
27314,SYNCHRONY BANK,20250930,110559000,82569000,14743000,2545000,86572000,10101000,1.885870892464657,14.32525695389842,3.008172356628044,23.54
32188,USAA FEDERAL SAVINGS BANK,20250930,104903000,90797000,4987000,364000,42293000,1824000,0.4642383916570546,16.3494639958618,0.45001733970049607,10.83
29950,SANTANDER BANK N A,20250930,97745560,74410683,13646075,874278,48478357,1250855,1.0426816317794896,19.50399330746406,1.1418197340077132,8.91
17281,CITY NATIONAL BANK,20250930,96473902,80218329,12044659,637142,65710464,685237,0.31960664346301654,16.281249345597555,0.9036684255389692,7.27
32541,FLAGSTAR BANK NATIONAL ASSN,20250930,91593478,69627599,8609465,-158977,62124506,1071000,3.799900468895831,14.054923646468367,-0.2222776684597512,-2.47
57512,WESTERN ALLIANCE BANK,20250930,90816270,77519619,7662140,679714,60080828,440404,1.5315075151181612,12.296414093618909,1.0622995711754422,12.47
2270,ZIONS BCORP N A,20250930,88533079,75104529,6864795,635458,59838093,679152,0.3725567931507273,11.265792064720097,0.9568301462109701,13.08
18221,WEBSTER BANK NATIONAL ASSN,20250930,83097405,68696894,9859502,769332,54399570,727897,0.6901142099443419,12.596985833594848,1.2659317978014817,10.63
4977,FIRST HORIZON BANK,20250930,82886598,66111897,9317818,813950,62787391,776918,0.7596330591346022,11.379652199750902,1.3245203963340093,11.95
31628,EAST WEST BANK,20250930,79081956,66728118,8028345,976264,54995848,790520,0.2623076242575487,13.894674244361196,1.6890525989464993,17.09
8273,UMB BANK NATIONAL ASSN,20250930,71519137,60458325,7284913,471847,37304706,404971,0.199589936327112,11.110061388016906,0.9600300456506082,10.26
3832,OLD NATIONAL BANK,20250930,70996954,55524599,8076852,509587,47476078,572178,0.8395233406774043,11.247273498564333,1.093577857493333,9.55
17266,COLUMBIA BANK,20250930,67491443,55904769,8092635,356134,48329555,472997,0.29774441183603084,12.15396152640553,0.8537897505699921,7.64
33555,SOUTHSTATE BANK NA,20250930,66027921,54186207,9585598,604859,47424451,590133,0.4848070258035233,12.620780861346251,1.325475444914143,9.38
9396,VALLEY NATIONAL BANK,20250930,62959203,51319881,8063357,422444,48705921,585000,0.6850594979736322,12.481779188395867,0.9016469854273796,7.04
33306,CIBC BANK USA,20250930,61487093,48303382,10928925,679309,37490996,506589,0.9548312846730288,17.537767144116025,1.4807659053011555,8.6
34968,BANCO POPULAR DE PUERTO RICO,20250930,59601000,54939000,3733000,520000,26336000,695000,1.1744769383064042,15.897983259367452,1.1653593864901775,20.09
35583,PINNACLE BANK,20250930,55867973,45987934,6936719,502650,37673559,434450,0.28181441270475305,11.527898678362787,1.2341075470960665,10
5510,FROST BANK,20250930,52598588,42943439,4405626,493009,21165565,280221,0.10802000996680747,14.34585060502496,1.259681017965317,16.09
4214,BOKF NATIONAL ASSN,20250930,49918282,38775393,5525060,400195,24644120,277692,0.27459078018750727,12.558651149476463,1.063695254993719,9.98
7888,FIRST NB OF PENNSYLVANIA,20250930,49665430,38921138,6557610,439387,34758152,433901,0.2793653452713487,10.997454365861547,1.1930590802322858,9.19
57203,BARCLAYS BANK DELAWARE,20250930,46823000,37033000,6385000,363000,32380000,2484000,1.1874506118787775,14.354612042101019,1.07085853361728,7.8
34775,EVERBANK NATIONAL ASSN,20250930,44814438,35744405,4015976,243272,33105970,270781,1.0759456584058915,13.065591578515498,0.7546578471627724,8.5
5296,ASSOCIATED BANK NA,20250930,44393788,34944872,4705377,344299,30648186,378341,0.31591356880832067,10.403968813166706,1.0520268855065877,10.01
33893,RAYMOND JAMES BANK,20250930,42857360,38897981,3105280,449719,35046895,387321,0.29182618808064703,13.929863449265017,1.4248860013133746,19.8
110,BANK OZK,20250930,41606548,33984924,6093406,539518,32313774,532341,0.5324450372571163,11.554783850136111,1.792911313912083,12.22
26881,SOFI BANK NATIONAL ASSN,20250930,41250282,33767514,5815517,533171,33722667,50634,0.06792923258076151,17.60078473046565,2.009846075887246,14.23
4063,MIDFIRST BANK,20250930,41161881,25290558,3751284,350411,32334041,228548,8.929215358258286,17.887848249743666,1.1664663959613906,12.38
33653,BANK OF CHINA,20250930,40299784,21560925,,,15490453,,0,0,0,
623,DEUTSCHE BANK TR CO AMERICAS,20250930,40293000,28141000,9666000,623000,15333000,28000,0.5509641873278237,54.98975876194812,2.0432082943867758,8.44
16835,PROSPERITY BANK,20250930,38360065,28161493,7422066,411672,21688143,339626,0.31164441457541847,16.51936654228191,1.4151177147372052,7.45
34589,ATLANTIC UNION BANK,20250930,36991202,30707671,5617160,196619,27092910,293035,0.41538255501943405,12.804369154358659,0.85125430759337,5.81
12441,HANCOCK WHITNEY BANK,20250930,35747114,28930377,4353344,368785,23316341,313636,0.4168756112731226,13.665720840279086,1.3973537310928166,11.74
58979,BANKUNITED NATIONAL ASSN,20250930,35065427,28878387,3196951,234203,23484777,219884,1.5649745260481214,13.19482070395932,0.8888506129094876,9.78
33947,TD BANK USA NATIONAL ASSN,20250930,34297872,28465404,4453947,326509,8008164,890700,0.6034193608279838,34.263889690346794,1.2522904334250458,9.91
24045,BANC OF CALIFORNIA,20250930,33923978,27339442,3791761,177946,24081601,240494,0.9833988219188209,13.423129939528122,0.7017421763000635,6.19
22858,UNITED BANK,20250930,33293363,27081899,5514424,350806,24243882,300050,0.3717197328488564,13.652982605671864,1.4549634745498934,8.76
5452,FIRST NATIONAL BANK OF OMAHA,20250930,32340615,26119355,3612952,375948,21993028,937003,0.561996115410916,12.841672254090792,1.5703368034411656,14.93
34383,TEXAS CAPITAL BANK,20250930,32246474,27942586,3427056,240076,23917837,274026,0.298358201892089,12.534528398683767,1.0193854490379775,9.49
24998,COMMERCE BANK,20250930,32080679,25832579,3174852,422642,17613634,175671,0.12218881028048065,15.057127312872165,1.7578368417215706,19.07
7551,FULTON BANK NATIONAL ASSN,20250930,31842186,26576043,3465630,313943,23684832,376258,0.6313699693858958,12.701733903858074,1.3117276779067997,12.39
7946,BNY MELLON NATIONAL ASSN,20250930,31312000,26503000,3509000,207000,18697000,23000,0.035130301481859985,14.093908239987723,0.9087164881839207,7.67
58177,SALLIE MAE BANK,20250930,29619252,20228343,3018141,589471,21680212,1534439,0.4903466164506788,11.273567547990924,2.661091968355508,27.16
30788,GLACIER BANK,20250930,28997691,22062219,3605942,188774,18604577,229077,0.18717007502424934,12.576558363302814,0.8853626007830702,7.4
16889,UNITED COMMUNITY BANK,20250930,28087547,24413249,3381511,246490,18993805,215791,0.34655215708228276,12.480824335890283,1.1686317751735966,9.8
20234,CITY NB OF FLORIDA,20250930,27770671,21954583,2815906,189303,19583242,227672,0.8049931526681512,14.21246718308491,0.9303923912374149,9.48
803,WESBANCO BANK INC,20250930,27465831,21631436,4106171,152656,18843082,217666,0.4169253062104693,11.810174555198047,0.8068962829250823,5.5
8728,ARVEST BANK,20250930,27349420,24027553,2222223,92169,19247763,217754,0.6518163822121273,11.314750081117127,0.4520941111873713,5.85
1105,FIRST INTERSTATE BANK,20250930,27254238,22914426,3387537,216858,15934215,205924,0.6808629175396501,13.744170989944275,1.0324967238869154,8.66
20504,AMERIS BANK,20250930,27013931,22431518,4001678,322285,21517216,345294,0.4074638378250096,13.432720633099601,1.6181834463862894,11.01
12437,RENASANT BANK,20250930,26722596,21790684,3986285,121703,19014709,297591,0.6815468078026551,11.796239638573185,0.7241091592261932,4.86
28088,WAFD BANK,20250930,26682607,21584625,3042944,182158,20091350,199720,0.5236070073662592,13.39830329250552,0.8937159811526519,8.03
18714,FIRSTBANK,20250930,26620953,23275168,1786415,245080,15965196,172922,0.3295749780257679,15.803971130413249,1.21316643846057,19.54
35546,AXOS BANK,20250930,26345444,22618072,2534572,297427,21346814,260641,0.4923773537466289,11.368895099200993,1.6492212889968747,16.13
32773,EASTERN BANK,20250930,25448467,21387008,3525996,-5186,18333403,233038,0.2719456539366399,13.363056028958193,-0.02726577959117796,-0.2
33497,CHARLES SCHWAB PREMIER BK SS,20250930,25134000,22742000,2163000,275000,2862000,0,0,48.981109623679906,1.4477941974906468,16.51
9712,ROCKLAND TRUST CO,20250930,24993348,20417629,3823772,146961,18279019,190476,0.3548824271162071,14.32172622062784,0.9296227056633438,5.98
12010,PROVIDENT BANK,20250930,24840140,19152748,3105919,231688,19113427,186969,0.39160004734272835,11.903978622408468,1.2652278185001353,10.28
58303,AMERIPRISE BANK FSB,20250930,24297035,22595264,1586455,557782,1726828,10772,0.011133045657628595,35.26904918184784,3.0958779491224604,53.64
34444,CUSTOMERS BANK,20250930,24261355,20621955,2076393,157620,16151338,151809,0.26807241392741665,13.221545907241977,0.918558307324311,10.98
3890,SIMMONS BANK,20250930,24164419,20742269,3092464,-445862,16946319,258006,0.6634755009007252,10.249471816611031,-2.2779873066508642,-17.21
17985,FIRST HAWAIIAN BANK,20250930,24101748,20746814,2721784,212312,13964582,165269,0.15252420695793517,13.164807225865685,1.1854010717603023,10.63
18503,CATHAY BANK,20250930,24059479,20539528,2988300,234191,19912087,186647,0.8253129670846157,13.62441977810577,1.328794210220507,10.58
18053,BANK OF HAWAII,20250930,23980457,21159718,1692611,146910,13874037,148778,0.11754988655970984,13.747581674755512,0.8240595691997638,12.16
33682,STATE BANK OF INDIA,20250930,22969873,13223663,,,14711022,,0,0,0,
17798,BEACON BANK&TRUST,20250930,22779605,19089869,2400056,-4812,18071502,253735,0.5400620423400668,10.552703906456937,-0.04395583342268365,-0.42
1768,MECHANICS BANK,20250930,22712606,19460206,2972889,143047,14458490,168959,0.2886106508429724,14.87491126103192,1.0548071238813164,7.58
11241,CENTENNIAL BANK,20250930,22542008,17701099,3953510,364375,14908958,285649,0.5610502844289648,14.795105906777792,2.144557686665248,12.57
58457,TRISTATE CAPITAL BANK,20250930,22333726,20514983,1557891,121349,16540294,64490,0.28172638994496485,16.777980965068156,0.7597369856203021,10.96
17838,WILMINGTON SVG FUND SOCIETY,20250930,20758310,17585596,2572647,221640,12840383,183230,0.41854081570224166,13.757772930420797,1.430736364342018,11.67
57408,OPTUM BANK INC,20250930,20102000,15800000,2788000,393000,8481000,76000,0.11939110536265049,16.324058620131126,2.7153449325681116,21.11
35095,TOWNEBANK,20250930,19682522,16627210,2397526,128405,13442368,149175,0.056689889639142794,11.183111191190811,0.9229269638424008,7.5
57311,STIFEL BANK&TRUST,20250930,19672298,17879107,1327978,267464,14638318,103448,0.8125181918248696,11.084623215218631,1.8481561554925376,26.38
30387,FIRSTBANK PUERTO RICO,20250930,19300144,16919980,1844434,237630,12814240,246990,0.7050413717120453,15.480709483634634,1.6548834528697554,17.93
8056,MERCHANTS BANK OF INDIANA,20250930,19296676,13998493,2179350,155363,15059335,93330,1.568223459833186,12.751837870757884,1.0939301431834711,9.74
12633,CENTRAL TRUST BANK,20250930,19187778,15164576,1916411,257367,11195114,149459,0.29159186644748547,13.569464260003942,1.7816625159779373,18.58
16068,APPLE BANK,20250930,18817415,15405597,1570814,38757,13114563,65681,0.4849018847700388,11.520779823847729,0.28481493683238884,3.36
4988,TRUSTMARK BANK,20250930,18799160,15741589,2189910,172530,13611055,165242,0.9308501018130598,12.37465292585503,1.245845262274545,10.8
4365,FIRST MERCHANTS BANK,20250930,18798822,14922900,2402836,176107,13419896,194468,0.3666985090874311,11.416589260834394,1.2674207084313054,10.01
26610,BANK OF HOPE,20250930,18501184,15849201,2337200,34044,14467508,152509,0.7467792331561051,12.665452136770943,0.25517279089133144,2
6600,FIRST FINANCIAL BANK,20250930,18457048,14610336,2526700,216994,11574101,161916,0.41531018394707536,12.66802445144441,1.5678278241492236,11.7
16450,BUSEY BANK,20250930,18137534,15172972,2443734,100372,13433028,174181,0.2932317039350553,13.731320931836718,0.7033887508825144,5.59
57993,SERVISFIRST BANK,20250930,17582987,14130672,1840205,192394,13151165,170235,0.9568169503850511,11.877577579590728,1.4462547397996242,14.61
30012,THIRD FS&LA OF CLEVELAND,20250930,17443313,10580015,1743326,66810,15720974,74244,0.2329087370042606,16.531704969713342,0.5167517073594639,5.16
131,SEACOAST NATIONAL BANK,20250930,16666792,13096897,2371481,112789,10827561,147453,0.3996689944891614,13.796445969681015,0.9473965653548424,6.69
6989,COMMUNITY BANK NATIONAL ASSN,20250930,16659126,14216434,1552137,133586,10665657,85349,0.38362156574120393,12.50056519516668,1.0844004443534165,12.16
28489,BANNER BANK,20250930,16556018,14076114,1923344,149217,11563165,159707,0.2735440369779738,12.913625827426777,1.2170960839791354,10.65
4239,FIRST UNITED BANK&TRUST CO,20250930,16454964,12808342,1475278,111345,12720677,136307,1.3817897140340143,11.412291883509953,0.9074282863274932,10.3
57833,BEAL BANK USA,20250930,16448622,5075175,3152158,31994,3500881,34235,0.5900615869219926,57.895860857278734,0.2587782984354513,1.35
28178,NORTHWEST BANK,20250930,16387253,13933661,1894417,91842,12805834,157396,0.7883993735862868,12.58209336334804,0.818812294962277,7.25
27237,ENTERPRISE BANK&TRUST,20250930,16378148,13714080,1960801,154321,11434936,148854,1.0329250901872422,12.425195582948017,1.2932400294743007,10.87
8663,FIRSTBANK,20250930,16200579,13836064,2003526,69381,12280056,184993,0.8758020315199846,12.0085197848511,0.6637179357847532,5.54
7230,NBT BANK NATIONAL ASSN,20250930,16002805,13790513,1814351,106184,11460060,139000,0.33545993967932497,11.677239776898524,0.9541055409271484,8.58
21716,CITIZENS BUSINESS BANK,20250930,15669875,12175315,2262447,158282,8391570,79336,0.18165428888232996,16.14026115379044,1.372336399419858,9.53
25178,BANK OF AMERICA CA NA,20250930,15015000,12625000,1862000,60000,9973000,13000,0.5061605061605061,35.4261796042618,0.5177193890758478,4.36
34967,POPULAR BANK,20250930,14939674,12161598,2056153,55225,11437276,90865,0.3335146402792993,13.66525392774594,0.5020480133427652,3.64
3066,FIRST FINANCIAL BANK,20250930,14779478,12990247,1619931,169370,8163682,105958,0.39524399982191527,17.42140009815265,1.5767295337188407,14.46
58665,LIVE OAK BANKING CO,20250930,14581672,13427352,1083479,68694,11729811,185700,3.6147637938913997,10.48089124670861,0.6699732037301583,8.94
6976,DIME COMMUNITY BANK,20250930,14528464,12152284,1640606,90087,10631613,94061,0.49595056986065417,14.479956013491202,0.8407247011681834,7.47
29209,NEXBANK,20250930,14443066,11255956,1249824,141318,9260668,38923,1.0710468262071224,15.414724842046997,1.334469944053259,14.54
19977,ISRAEL DISCOUNT BANK OF NY,20250930,14419007,12408576,1405832,63238,10093111,87907,0.6433938203927635,13.3640766516482,0.6077401218933207,6.2
28359,OCEANFIRST BANK NA,20250930,14230921,10560343,1709563,63546,10507619,81236,0.34325255547409755,11.267927758485337,0.6274060925033175,4.99
19581,BELL BANK,20250930,14135435,12045776,1420014,67368,12122579,124437,0.6575248657009848,11.89157030305276,0.6277425615977392,6.49
33681,BANK OF BARODA,20250930,14050349,8945735,,,9041870,,0,0,0,
57919,CONNECTONE BANK,20250930,14013611,11425004,1680425,49448,11147137,156499,0.288084206133594,12.367648589606102,0.5546959991608342,4.48
57542,TOYOTA FINANCIAL SB,20250930,13902417,11928701,1238261,24346,6675947,56263,0.041100766866653475,15.665378791264848,0.3088903371525227,3.41
15019,FIRST BANK,20250930,12740536,10900694,1675983,100695,8302308,120948,0.30616451301577896,15.167876332573089,1.075602424219798,8.38
57570,COMENITY CAPITAL BANK,20250930,12699009,9978273,1826760,192485,9624494,1308019,3.287280133434034,15.439884723426697,1.9699639171647254,13.88
17491,PLAINSCAPITAL BANK,20250930,12641377,10746841,1501342,104494,8656081,95038,0.8300519793057355,14.811444047265136,1.0872829344090569,9.38
35141,BMW BANK OF NORTH AMERICA,20250930,12469104,8069260,1812164,215262,9408169,48034,0.07273978948286902,15.565245182933229,2.329292976421686,15.71
26876,SAFRA NB OF NEW YORK,20250930,12407861,10567861,1344285,76354,3212121,25123,0.019681071540050294,23.952613027283206,0.8928275653399449,7.84
7468,FIRST COMMONWEALTH BANK,20250930,12279028,10316964,1506990,113653,9621249,129605,0.7464353041625119,11.70096817218223,1.2682054787111565,10.51
32245,DOLLAR BANK FSB,20250930,12219114,10067729,1248470,45404,9466500,86983,0.8330882255456492,15.553196277468698,0.5093015159436475,5.04
31469,ORIENTAL BANK,20250930,12132496,10015385,1300987,140768,7935413,197782,1.3746882751908593,13.407815003707062,1.5890741960489205,15.35
57358,STIFEL BANK,20250930,11960063,11126052,782557,129077,7194254,30574,0.0013879525550994172,12.238132868215747,1.5043196420297091,23.16
27476,BANCFIRST,20250930,11860553,10365791,1325701,154432,6790435,85043,0.57950923536196,16.72820962128126,1.756814059004801,16.24
1225,FARMERS&MERCHANTS BK LONG BE,20250930,11621496,8872341,1403516,48823,6144327,89875,0.5308438775868443,18.403399047389158,0.5636696805933867,4.7
32551,LENDINGCLUB BANK NA,20250930,10967271,9518173,1254986,92845,5785163,267774,0.5239224963074224,15.833832639877826,1.16669342670507,10.35
28834,COLUMBIA BANK,20250930,10858331,8330985,1070928,35758,8206901,65659,0.31204611463769155,13.018164189845566,0.4468951957901278,4.47
34742,EAGLEBANK,20250930,10763529,9473062,1138543,-130031,7284957,156228,2.366110594397061,13.854579631738503,-1.58833926768282,-14.37
1281,WASHINGTON TRUST BANK,20250930,10628299,8872158,955021,64560,7278279,157185,0.5219744006072844,11.536432651165114,0.805700661897582,9.28
58629,STELLAR BANK,20250930,10626532,8887135,1638076,85095,7088933,78924,0.5133471578498046,14.265967488803655,1.0689203382653112,7.01
22953,AMERANT BANK NATIONAL ASSN,20250930,10386958,8335608,983417,57258,6846874,94918,1.3468620937910791,12.04367356476394,0.7497120358261008,7.91
59052,NBH BANK,20250930,10106680,8578496,1279883,97554,7361148,88251,0.39076135783462024,13.509438087455406,1.3039254222065588,10.52
14531,AMARILLO NATIONAL BANK,20250930,9961105,8733418,1052749,135645,6782348,90681,1.2548407029139839,12.79612690567586,1.8512144484318303,17.74
33661,MIZRAHI TEFAHOT BANK LTD,20250930,9939146,3670497,,,2635868,,0,0,0,
12854,CENTIER BANK,20250930,9917852,8070208,944207,122187,7802437,92840,0.11505515508801703,12.121336474868178,1.6744868119920246,18.41
21943,TRI COUNTIES BANK,20250930,9874826,8339803,1336847,90073,6885038,124571,0.7197797713093881,13.765955617621922,1.2228267100972223,8.98
19629,INTERNATIONAL BK OF COM,20250930,9847078,6545654,1889845,207270,6670746,111157,0.7255451820326801,20.29512032841679,2.8806514275117734,15.34
11124,S&T BANK,20250930,9812431,7968529,1440106,104592,7882852,98155,0.5056647022537024,14.298888605140922,1.430904524167665,9.97
6653,PARK NATIONAL BANK,20250930,9802597,8426963,1165612,143689,7900864,91758,0.9311205999797808,12.057695771742262,1.9508557799997321,17.01
20624,BYLINE BANK,20250930,9791356,7946040,1323007,105068,7355604,105717,0.688137577675656,13.164829962507172,1.4540709376570422,11.15
27981,CAPITOL FEDERAL SAVINGS BANK,20250930,9791186,6688560,998042,52786,8113697,24039,0.4918913806764574,0,0.7258129284225572,7.18
12614,ORIGIN BANK,20250930,9688625,8426224,1120771,42685,7441152,96259,0.916683223883678,12.92932889887322,0.5908769522404254,5.07
59108,CHARLES SCHWAB TRUST BANK,20250930,9669559,8889610,752383,145276,0,0,0,82.79961367793486,1.9728620202462903,24.94
6544,PEOPLES BANK,20250930,9611742,7876699,1184905,84574,6657152,74864,0.46609657229667634,12.125092243618111,1.198964296998185,9.79
33686,BANK HAPOALIM B M,20250930,9597648,7040493,,,7481617,,0,0,0,
33935,WINTRUST BANK NATIONAL ASSN,20250930,9404818,8156729,1068799,128024,7698943,85104,0.4867930458622378,11.609220223589874,1.794594028116334,15.92
258,STOCK YARDS BANK&TRUST CO,20250930,9303136,7645827,1040300,106707,6843341,92160,0.20260909869532165,11.583140812762839,1.5651384095663774,14.36
23220,WOODFOREST NATIONAL BANK,20250930,9302375,8459844,750099,114526,6113901,94924,0.8512664776468375,10.4678390494827,1.679888661284903,21.53
27389,WELLS FARGO NB WEST,20250930,9289489,7562672,1571757,62999,5181059,18305,0.5093606332921004,54.248752448072956,0.8533409327804,5.46
27589,LAKE FOREST B&T CO NA,20250930,9241590,7242669,834604,149959,6503302,41990,0.24057548538725476,11.11071868950969,2.223231329673636,24.44
34519,MERRICK BANK,20250930,9112904,7100001,1868621,62002,7496004,1315530,3.50048678225953,20.098238162778724,0.9824047429839876,4.86
9087,1ST SOURCE BANK,20250930,9053203,7410321,1185493,122980,6810134,161430,0.7078710153743377,14.540123845367631,1.8205217123098714,14.54
57038,NICOLET NATIONAL BANK,20250930,9015325,7765440,1182571,108765,6817234,68785,0.31313346995255303,11.121729987225292,1.6258063067715454,12.46
34507,PRINCIPAL BANK,20250930,9009668,8467580,460405,73787,2622542,10262,0.12837320975645272,15.756199507532957,1.1099002214436942,23.21
13421,UNION BANK&TRUST CO,20250930,8881740,7410323,909219,92412,6622152,108292,0.41916336213399624,12.017217997135253,1.4024038072636786,14.1
58564,FLUSHING BANK,20250930,8872087,7458306,901656,25395,6628496,41837,0.7002749184042041,13.379071475571298,0.3793318304949301,3.82
32526,AMERICAN SAVINGS BANK FSB,20250930,8794992,7997013,645141,-41547,6036304,56008,0.13059704886599102,13.168265952703257,-0.6144280521879814,-9.26
622,AMALGAMATED BANK,20250930,8685841,7832376,780355,80082,4734920,56479,0.26482179445836046,14.299979204431152,1.2613919037870465,13.98
17943,LIBERTY BANK,20250930,8682051,6904927,1159193,68931,6567083,80821,0.33106232617154635,13.930716365247337,1.0992626372897882,8.28
35444,BCORP BANK NATIONAL ASSN,20250930,8577059,7426751,873849,193011,6751144,64152,2.0134990327103965,14.656627354130022,2.9000259365589094,28.6
10634,PINNACLE BANK,20250930,8566872,7539673,820443,76839,6352485,72892,0.17051731367061396,12.306923433207087,1.212091877067655,13.51
7759,UNIVEST BANK&TRUST CO,20250930,8544889,7330695,930634,76454,6705285,86527,0.6095456593994375,11.33084914283585,1.253917635607303,11.22
4767,SUNFLOWER BANK NATIONAL ASSN,20250930,8482238,7207897,1089389,78737,6682839,84040,0.9964115602509621,13.453610390479811,1.2649619401505632,10.08
5633,FIRST SECURITY BANK,20250930,8460369,6721114,1120037,109643,4317061,110112,0.07818807903059548,20.57987917350085,1.791006686334982,14.32
34697,WEX BANK,20250930,8438668,6300335,752824,283930,3300417,45641,0.24539417832292965,14.195427227133797,4.658694452249501,57.54
609,TOMPKINS COMMUNITY BANK,20250930,8431089,7095639,718853,63874,6228182,59889,0.6282818269383706,11.654910749999763,1.032289677755252,12.47
23296,SALEM FIVE CENTS SB,20250930,8426346,5829604,935455,52331,6450377,76000,0.4129429292364686,12.937729250310614,0.8558881266013687,7.67
17393,GERMAN AMERICAN BANK,20250930,8387520,7084941,1104946,84324,5712506,76057,0.28284880393727824,13.101922817684128,1.349722309709301,11.05
18297,SOUTHSIDE BANK,20250930,8375996,7066908,1025626,55951,4720492,45294,0.09650195630465917,16.341134214689703,0.8890939019761026,7.75
34699,METROPOLITAN COMMERCIAL BANK,20250930,8233294,7137454,719561,46373,6687464,94239,0.9906363115418932,10.446051667572744,0.7977840680849932,8.56
13876,CNB BANK,20250930,8231937,7019170,906857,38238,6392487,65516,0.48326414548605023,12.357482195250366,0.7560897773762387,7.54
58410,CROSS RIVER BANK,20250930,8120330,6591652,1052926,27258,5664513,120496,2.490046586776646,0,0.4422863052139616,3.49
3657,FIRST AMERICAN BANK,20250930,8071017,5067733,639273,99181,3067213,43384,0.15890190790082587,13.619170043636405,1.685019407988575,21.35
628,JPMORGAN CHASE BANK NA,20250630,3788551000,2669161000,322777000,25810000,1402682000,24909000,0.34773189010785394,15.571323761335313,1.4219196171927215,16.26
3510,BANK OF AMERICA NA,20250630,2665555000,2109261000,250540000,14550000,1129643000,13278000,0.3560984485407354,13.253369283160271,1.1092882753057818,11.75
7213,CITIBANK NATIONAL ASSN,20250630,1833933000,1413382000,176115000,7413000,680508000,17205000,0.2889963810019232,13.75779261301992,0.8405282867116479,8.53
3511,WELLS FARGO BANK NA,20250630,1746394000,1398809000,171723000,12330000,880654000,13968000,0.7016744216940737,13.250454571050676,1.4328989571873498,14.62
6548,U S BANK NATIONAL ASSN,20250630,671438131,529916541,65381988,3695863,374993941,7536759,0.7166341585089394,13.335383973954423,1.1123544098779337,11.46
4297,CAPITAL ONE NATIONAL ASSN,20250630,648909392,497464178,97139218,-2607458,423694917,23872940,1.1287107399425649,13.585864676808482,-0.9617622533192696,-7.37
33124,GOLDMAN SACHS BANK USA,20250630,625410000,407844000,65578000,4376000,204430000,3771000,0.41636686333765044,16.27240756476551,1.4708856405461594,13.51
6384,PNC BANK NATIONAL ASSN,20250630,554573142,433046862,56652636,3316039,323671970,4522547,0.5188305711350154,11.863235767603793,1.1985419215043032,12.02
9846,TRUIST BANK,20250630,535585000,417545000,61764000,2643000,314929000,4896000,0.3498977753297796,11.913996755536774,0.9997446736077619,8.61
639,BANK OF NEW YORK MELLON,20250630,398293000,348126000,30917000,2283000,35214000,252000,0.06954679093029503,17.56586925366553,1.2561095267351974,15.47
14,STATE STREET BANK&TRUST CO,20250630,371784000,289084000,29140000,1430000,47313000,179000,0.05164288941966304,15.18421302420484,0.7878845758279216,10.13
18409,TD BANK NATIONAL ASSN,20250630,356447140,293309122,48637358,940448,168829084,2707856,0.5330818477039821,17.85341853520045,0.5149694119775401,3.94
16571,BMO BANK NATIONAL ASSN,20250630,253742866,199266993,36163575,1096861,140001239,2317123,0.7323748759107971,14.212370908957839,0.8497908452258623,6.19
57450,CHARLES SCHWAB BANK SSB,20250630,247664000,209546000,21237000,1040000,48359000,22000,0.015343368434653403,41.98182887770442,0.7964334078287872,10.03
32992,MORGAN STANLEY BANK NA,20250630,239249000,192903000,24648000,2284000,94730000,629000,0.38620851079837326,20.473722619366754,1.9453695265188617,19.52
34221,MORGAN STANLEY PRIVATE BK NA,20250630,235034000,212449000,17309000,1184000,155833000,397000,0.21401158981253776,25.74277962234569,1.0445138761257122,13.63
11063,FIRST-CITIZENS BANK&TRUST CO,20250630,229412000,160302000,22677000,1095000,139765000,1671000,0.6878454483636427,12.847204209968124,0.9639268354590096,9.86
57957,CITIZENS BANK NATIONAL ASSN,20250630,217970015,178748164,25936975,891927,139513442,2007605,0.9306105704493346,12.406040536703976,0.8168287278926832,7.07
27471,AMERICAN EXPRESS NB,20250630,211720953,168449838,18181353,3980595,155094501,5695458,0.5306102131516477,11.0839947358235,3.926726948973177,42.73
588,MANUFACTURERS&TRADERS TR CO,20250630,211042013,168409138,28382086,1353274,133972047,2195879,0.9926810165519033,12.456664117762335,1.2921145487999786,9.67
6672,FIFTH THIRD BANK NA,20250630,209311000,167916000,23640000,1305000,120630000,2412000,0.5245782591454821,12.871627412840391,1.2361290689248519,11.4
6560,HUNTINGTON NATIONAL BANK,20250630,206645430,167403258,20790154,1195426,133384139,2330777,0.5282671869394837,11.391724095934851,1.160172666571588,11.74
17534,KEYBANK NATIONAL ASSN,20250630,182591692,151999252,18350963,990800,105690728,1458316,0.47454404442454046,12.898377722800126,1.0753407287862398,11.21
57803,ALLY BANK,20250630,178052000,151303000,14722000,563000,129777000,3423000,0.7728079437467705,12.476453025772944,0.6234957104676403,7.87
913,NORTHERN TRUST CO,20250630,171309876,139326701,11100794,794120,43142882,180539,0.0756739792398192,11.394609703865111,0.9708943827370222,14.49
57890,HSBC BANK USA NATIONAL ASSN,20250630,169752417,140806601,16405374,657022,57385830,546346,0.5773708659476702,16.507604755237953,0.7871533809176313,8.17
12368,REGIONS BANK,20250630,157807000,132002000,17547000,1163000,95681000,1612000,0.6469928456912558,11.467966773856356,1.4779326733679836,13.65
57565,UBS BANK USA,20250630,114294933,98441268,9650709,665934,86917408,90645,0.07241703357050833,28.951683743561563,1.1424326020408149,13.72
27314,SYNCHRONY BANK,20250630,113897000,84798000,14631000,1537000,85861000,10269000,1.7682643089809214,14.285891058479965,2.7072171909172305,21.49
32188,USAA FEDERAL SAVINGS BANK,20250630,106476000,92765000,4697000,256000,42222000,1796000,0.4573800668695293,16.170144690532904,0.4704772464829069,11.87
29950,SANTANDER BANK N A,20250630,103352050,79531237,13209716,501792,48572323,1268250,1.0317976276232548,18.76546493865688,0.9692988683390512,7.78
17281,CITY NATIONAL BANK,20250630,94207350,77761501,11787364,371851,64304909,728397,0.350873896781939,16.17733239477732,0.7981073670338137,6.43
32541,FLAGSTAR BANK NATIONAL ASSN,20250630,92176203,70246292,8577865,-127933,63333929,1106000,3.6874680116732512,13.888249599566302,-0.2648290409026035,-2.98
2270,ZIONS BCORP N A,20250630,88892748,74054523,6595765,414013,60315121,689950,0.35782221514852935,10.967228654884149,0.9350596682965682,13.04
57512,WESTERN ALLIANCE BANK,20250630,86623395,71378277,7399633,433528,58937959,394716,1.564717014381623,12.201042047349095,1.0386833859266773,12.16
18221,WEBSTER BANK NATIONAL ASSN,20250630,81842488,66605483,9724100,499578,53228322,722046,0.6967640084451001,12.545904523838017,1.2437017864623596,10.43
4977,FIRST HORIZON BANK,20250630,81784169,66325396,9165820,520547,62855555,814401,0.7510952394711011,11.2829340558784,1.2755820656269254,11.57
31628,EAST WEST BANK,20250630,77620355,65152247,7692029,605382,54212641,760416,0.22117651999916774,13.631521726450652,1.5849469995880998,16.19
8273,UMB BANK NATIONAL ASSN,20250630,71438991,60599246,7016315,291829,36423753,389918,0.15106456360784828,10.802237584397337,0.9186481780632918,10.15
3832,OLD NATIONAL BANK,20250630,70701190,54862635,7871927,308632,47415328,565109,0.8726218045269111,10.86141209891675,1.0431439451071152,9.09
33555,SOUTHSTATE BANK NA,20250630,65865505,54199181,9383939,339297,46965186,621046,0.4909094677099947,12.379397906893287,1.1479288249867396,8.21
9396,VALLEY NATIONAL BANK,20250630,62649952,50787498,8026050,256219,48840022,579500,0.5779142496390101,12.50585709493513,0.8224692772430195,6.42
34968,BANCO POPULAR DE PUERTO RICO,20250630,60778000,55955000,3580000,341000,25971000,679000,0.8391194182105367,15.971083036849244,1.1470281543274243,20.32
33306,CIBC BANK USA,20250630,60355912,47592603,10685061,460642,37300013,491566,1.0663926344116879,17.150342003333073,1.508848782867867,8.86
35583,PINNACLE BANK,20250630,54690073,45253115,6725336,319225,36894632,422125,0.30472989129124034,11.488866737782006,1.1870601463701838,9.63
17266,UMPQUA BANK,20250630,51892650,41821443,5687667,252612,37281696,420907,0.3570524920195827,11.606663885601826,0.9780563578783682,9.05
5510,FROST BANK,20250630,51489892,42174331,4093189,315906,20976771,277803,0.21883518419498726,14.028634527705508,1.2140106620699873,15.88
4214,BOKF NATIONAL ASSN,20250630,50922342,38499749,5421153,264713,24073929,277049,0.28260287007223667,12.613014089807464,1.0537017167488747,10.02
7888,FIRST NB OF PENNSYLVANIA,20250630,49501367,38597852,6435158,277258,34503445,428742,0.3255203033079874,10.69202798313599,1.133601845094844,8.78
33653,BANK OF CHINA,20250630,45584380,20227347,,,15962719,,0,0,0,
34775,EVERBANK NATIONAL ASSN,20250630,44446323,34815654,3804817,142941,32713522,276771,1.1281428162235152,11.7831849361946,0.674743602529108,7.63
57203,BARCLAYS BANK DELAWARE,20250630,44013000,34923000,6338000,306000,30590000,2271000,1.2155499511507963,14.902590258623711,1.3705379137367313,9.96
5296,ASSOCIATED BANK NA,20250630,43932191,34198680,4630554,217796,30336300,376515,0.3725309306790549,10.311081002306022,1.0040773604334499,9.59
623,DEUTSCHE BANK TR CO AMERICAS,20250630,42880000,30415000,10139000,460000,16066000,36000,0.5480410447761195,55.459518599562365,2.2563213786450627,9.29
33893,RAYMOND JAMES BANK,20250630,42320219,38355667,3060842,297260,34158709,407298,0.39793036042653745,13.973946022541215,1.4215282886050244,19.81
110,BANK OZK,20250630,41454390,33522080,5924875,354937,32486420,518634,0.5236357355638329,11.130645694437588,1.7914250158462004,12.2
4063,MIDFIRST BANK,20250630,40442347,24738750,3705039,234958,32756881,224815,10.63614829277836,17.742033424700352,1.1841695902264253,12.42
16835,PROSPERITY BANK,20250630,38428862,27802726,7357171,270567,21851304,346084,0.2874948521764709,16.09801104086922,1.3900406424983587,7.36
34589,ATLANTIC UNION BANK,20250630,37203504,31074801,5474359,91513,27045746,315574,0.5525393522072545,12.476717727112911,0.6370352317801871,4.42
26881,SOFI BANK NATIONAL ASSN,20250630,36284122,29722621,4909174,343005,30270921,47838,0.07015740934836456,15.138436636246988,2.0533362581142143,14.52
58979,BANKUNITED NATIONAL ASSN,20250630,35441030,29240951,3136112,149449,23730797,222730,1.6274385930657207,12.956463148295901,0.8502780765486948,9.37
12441,HANCOCK WHITNEY BANK,20250630,35205094,29322581,4250205,239013,23179326,313189,0.5119088731874996,13.570610015173191,1.365724239313451,11.57
33947,TD BANK USA NATIONAL ASSN,20250630,34505990,27968141,4360230,206962,7967581,917792,0.6210139167141705,33.90932766776148,1.185413189484428,9.47
24045,BANC OF CALIFORNIA,20250630,34163241,27672235,3761094,99369,24482125,229338,0.9528604150876668,13.211435208321278,0.5884816221860218,5.17
22858,UNITED BANK,20250630,32679829,26549454,5444304,221528,23779313,307962,0.2282692482876823,13.719096957266192,1.3947881372112945,8.38
24998,COMMERCE BANK,20250630,32100158,25857764,3045795,283996,17503800,165260,0.140775008023325,14.763398734825165,1.772260248059813,19.71
7551,FULTON BANK NATIONAL ASSN,20250630,31895491,26381618,3385178,205453,23658366,377337,0.6761081056880422,12.430392017180711,1.2867590089012633,12.27
34383,TEXAS CAPITAL BANK,20250630,31631701,26529057,3286843,133716,23647886,277648,0.3656995872589969,11.805628371341957,0.8593941655468136,7.97
5452,FIRST NATIONAL BANK OF OMAHA,20250630,31561847,25521702,3431685,223096,21941534,933318,0.5867654069801429,12.45285083115189,1.4040117212851457,13.63
7946,BNY MELLON NATIONAL ASSN,20250630,29578000,24808000,3666000,124000,18787000,22000,0.02704712962336872,13.941937740468695,0.8250623787080678,6.83
58177,SALLIE MAE BANK,20250630,29548460,20813782,2939336,431245,21222942,1478080,0.424722642059857,11.471698791370857,2.9230683547266763,30.23
30788,GLACIER BANK,20250630,28986503,21806818,3541761,116533,18353679,226799,0.1671950562646346,12.620375520541325,0.8253533991105989,7
16889,UNITED COMMUNITY BANK,20250630,28042982,24386841,3358442,155889,18741518,216500,0.3019721654423199,12.602869603722302,1.1081985047506078,9.33
1105,FIRST INTERSTATE BANK,20250630,27490940,23024844,3374327,136440,16478914,209577,0.7186258454603589,13.349331319386625,0.9658288037298756,8.22
803,WESBANCO BANK INC,20250630,27462417,21291014,4009841,63288,18730807,223866,0.38550867536531835,11.551452123455116,0.5171115486284876,3.55
8728,ARVEST BANK,20250630,27346593,24142812,2133167,51974,18907388,216020,0.6455027139943905,11.234721163861131,0.38319863164060153,5.05
20234,CITY NB OF FLORIDA,20250630,27059543,21529120,2694108,121289,18927790,210351,0.5227102320242437,14.413442909012819,0.9013113188327948,9.29
18714,FIRSTBANK,20250630,26761023,23480126,1697518,170627,15759298,167054,0.3952240540281289,15.698800158684772,1.2620550890358795,20.88
28088,WASHINGTON FEDERAL BANK,20250630,26719225,21513065,3026838,121470,20281987,198768,0.35124521762887956,13.432411492067212,0.8885972713838394,8.05
3890,SIMMONS BANK,20250630,26628111,22087312,3576970,106061,16874532,253536,0.6232360981220185,12.526936881726435,0.7932727771920646,5.94
12437,RENASANT BANK,20250630,26605052,21944648,3943555,54896,18629468,290770,0.5774993411025846,11.894136976801411,0.5235341287584073,3.51
20504,AMERIS BANK,20250630,26601583,22113152,3923758,210422,21244021,341567,0.36848934892333285,13.337321126440866,1.5940138815204878,10.87
32773,EASTERN BANK,20250630,25452952,21362168,3538612,-111545,18083045,232113,0.214953456086351,13.675181672307929,-0.8807348866527744,-6.45
12010,PROVIDENT BANK,20250630,24549890,18769065,3041989,153622,18923881,187871,0.4200018818821591,11.811995416371525,1.265746788023268,10.35
33497,CHARLES SCHWAB PREMIER BK SS,20250630,24433000,22183000,2227000,182000,2303000,0,0,54.48768864177919,1.4336917562724014,16.25
58303,AMERIPRISE BANK FSB,20250630,24008307,22499683,1469793,371031,1520498,10738,0.01070046296892155,34.89776565344085,3.1009337293059223,56.22
35546,AXOS BANK,20250630,23895495,21039550,2477714,177919,19775277,255527,0.5417883161658714,12.420524784016749,1.528610815993255,14.62
17985,FIRST HAWAIIAN BANK,20250630,23840127,20246484,2684166,136560,14184044,167825,0.13842627600096258,12.963496920536366,1.1472599172117888,10.34
18503,CATHAY BANK,20250630,23709143,20028958,2969033,156452,19620653,173531,0.8785218428181905,13.7944685095615,1.3422718410482188,10.65
18053,BANK OF HAWAII,20250630,23677044,20891434,1631421,92625,13855502,148543,0.12724561393728034,13.4855809971125,0.7816711745733556,11.69
11241,CENTENNIAL BANK,20250630,22735541,17977063,3868659,239894,14802471,281869,0.6061962633745993,14.601842952060817,2.114451074463725,12.51
34444,CUSTOMERS BANK,20250630,22541660,19081468,1924174,79696,15264982,147418,0.30563410148143483,13.003021687531666,0.7110034405104625,8.57
33682,STATE BANK OF INDIA,20250630,22244049,12720709,,,14340890,,0,0,0,
58457,TRISTATE CAPITAL BANK,20250630,21174085,19407945,1498122,75485,15704659,58157,0.21798344532951483,17.042158169506084,0.7206111462224724,10.42
17838,WILMINGTON SVG FUND SOCIETY,20250630,20677502,17533926,2448204,144664,12965825,186304,0.6247273002319139,13.110836315572202,1.4031421944161444,11.49
9712,ROCKLAND TRUST CO,20250630,20051412,16190169,3170140,105093,14405847,144773,0.290837373447815,15.350234143298897,1.063022608571281,6.79
57408,OPTUM BANK INC,20250630,19571000,15088000,2582000,264000,7869000,71000,0.11752082162383118,15.774701005954498,2.7747122812549265,22.18
8056,MERCHANTS BANK OF INDIANA,20250630,19083804,12751155,2138040,99234,14940309,91811,1.354976188185542,12.510507629615638,1.0548034752582485,9.41
12633,CENTRAL TRUST BANK,20250630,19070360,15068810,1883396,168643,11180239,149381,0.27371795812978883,13.460403561082801,1.7490444201568183,18.5
30387,FIRSTBANK PUERTO RICO,20250630,18892486,16608815,1790198,155021,12631281,248578,0.7709837657151103,15.453969984010065,1.623795599299998,17.81
16450,BUSEY BANK,20250630,18866438,15946809,2407256,37404,13635782,183334,0.30747192448304234,13.624178537458834,0.3871646493129184,3.15
4988,TRUSTMARK NATIONAL BANK,20250630,18613278,15215904,2155600,113720,13516192,168237,0.9100492669802708,12.255483296062721,1.2392910852502472,10.78
4365,FIRST MERCHANTS BANK,20250630,18580550,14860189,2333116,116659,13130226,195316,0.3873835812179941,11.391431322118498,1.2656131324019955,10.03
26610,BANK OF HOPE,20250630,18540032,15960251,2305561,204,14297333,149505,0.6916169292480185,12.618605177580399,0.002324699827408131,0.02
6600,FIRST FINANCIAL BANK,20250630,18535850,14628614,2492942,136620,11654178,158522,0.4199537652710828,12.611010115267662,1.480796496250363,11.13
57311,STIFEL BANK&TRUST,20250630,18469661,16860531,1340387,176154,14174925,105829,0.8560958427986307,11.482121342943412,1.8378270363205427,25.91
16068,APPLE BANK,20250630,18346276,14679566,1546147,23966,12887463,67207,0.4944818229050953,11.223061801359286,0.26749949251813987,3.14
35095,TOWNEBANK,20250630,18264614,15468462,2231345,89430,12464246,134187,0.050140670916998295,11.771705862313237,0.9842392404618188,7.96
57993,SERVISFIRST BANK,20250630,17377493,13884822,1780689,125915,13084732,169959,0.41709123404624593,11.76998200179388,1.4157269198087366,14.57
30012,THIRD FS&LA OF CLEVELAND,20250630,17363064,10493100,1721013,41206,15626974,72540,0.22170626106083582,16.51176872127795,0.4799881185293185,4.8
57833,BEAL BANK USA,20250630,16985384,5793101,3105543,15665,3534198,23874,2.320877761727377,53.78181585038874,0.18992374417192853,0.99
1768,MECHANICS BANK,20250630,16575049,13972737,2416618,86276,9175789,68334,0.1203314693066669,18.268865217291488,1.0433826061942164,7.3
4239,FIRST UNITED BANK&TRUST CO,20250630,16438030,12620498,1427032,69552,12644247,133308,1.595379738326308,11.127025299597655,0.85190948192287,9.73
28489,BANNER BANK,20250630,16431475,13594235,1867450,95207,11567523,160501,0.3029247222175733,12.710010925305534,1.1698716068154018,10.3
6989,COMMUNITY BANK NATIONAL ASSN,20250630,16405831,13901072,1491993,86586,10438452,82226,0.37353182536136087,12.494425191670246,1.0593734534286652,12.07
27237,ENTERPRISE BANK&TRUST,20250630,16046611,13454408,1914810,106997,11264293,145133,0.8759731260388876,12.469103724264304,1.3583362225235474,11.44
131,SEACOAST NATIONAL BANK,20250630,15935315,12504088,2236532,75496,10475250,142184,0.43794553166975364,13.697142877536015,0.9673648891238593,6.84
7230,NBT BANK NATIONAL ASSN,20250630,15907470,13755622,1778614,55854,11488236,140200,0.29380536314071315,11.348435952503678,0.7730431143780359,7
21716,CITIZENS BUSINESS BANK,20250630,15418191,12039373,2218177,104368,8280498,78003,0.1727180575204964,16.30411230502534,1.366014324992383,9.5
25178,BANK OF AMERICA CA NA,20250630,14984000,12599000,1847000,45000,10754000,13000,0.5138814735718099,33.587925077286776,0.5770093817451328,4.93
34967,POPULAR BANK,20250630,14864258,11946196,2034248,37423,11293420,90236,0.36715589839735024,13.649992476516736,0.5135204901280445,3.72
33681,BANK OF BARODA,20250630,14562042,8912373,,,9054693,,0,0,0,
28178,NORTHWEST BANK,20250630,14493942,12505459,1643629,83764,11225769,129159,0.7101932655726095,12.899859763511005,1.1571602595031762,10.34
3066,FIRST FINANCIAL BANK,20250630,14324488,12573020,1603598,120555,8005385,102792,0.4439181351542897,17.782102433981688,1.7015932844123793,15.64
6976,DIME COMMUNITY BANK,20250630,14196848,11830011,1618255,59132,10791300,93189,0.3748296805037287,14.15271945042871,0.832475771663547,7.4
29209,NEXBANK,20250630,14182375,10695074,1293691,91466,9509186,36616,1.043605178963326,15.280851045512655,1.3055823377402451,13.95
19581,BELL BANK,20250630,14066290,12025413,1395221,43316,12030230,123762,0.6223318302125151,11.937478500171999,0.6030162506447895,6.31
57919,CONNECTONE BANK,20250630,13906220,11410148,1634248,4073,11009314,156190,0.2820895973168841,12.220261482616547,0.07288650606462974,0.58
58665,LIVE OAK BANKING CO,20250630,13741177,12635750,1040686,39190,11182615,182231,3.4224651934837897,10.648570539877188,0.5863703091840319,7.8
19977,ISRAEL DISCOUNT BANK OF NY,20250630,13637752,11713518,1371495,38841,9516193,85862,0.6980549287008592,13.873832805366074,0.5673634754704876,5.78
8663,FIRSTBANK,20250630,13323769,11443673,1572273,43771,9869546,148948,0.8997979475627355,12.101586200828256,0.6640451196491599,5.62
28359,OCEANFIRST BANK NA,20250630,13235515,10351901,1683955,43593,10135526,79266,0.3119939042795086,11.556831274920865,0.6574172278462009,5.14
57570,COMENITY CAPITAL BANK,20250630,12908706,9999295,1886203,128983,9556386,1323122,3.096042314388445,15.9316377787352,1.963627954491923,13.9
15019,FIRST BANK,20250630,12602725,10852445,1630087,78453,8114033,120545,0.28440674536657745,15.488687137533812,1.2657981746258717,9.94
17491,PLAINSCAPITAL BANK,20250630,12409286,10485419,1502017,68500,8572084,97941,0.8885603893729261,15.075115012489462,1.0643898358073793,9.25
35141,BMW BANK OF NORTH AMERICA,20250630,12280786,7985989,1738957,146316,9389487,38113,0.06884738484979708,15.253004585621117,2.384436660216608,15.97
7468,FIRST COMMONWEALTH BANK,20250630,12205300,10194912,1478253,70451,9480842,132966,0.8344981278624859,11.639173169774239,1.190197875542434,9.93
31469,ORIENTAL BANK,20250630,12105702,10151526,1230446,92976,8009599,189944,1.3348585649968916,12.954377673815069,1.5888078045979666,15.54
32245,DOLLAR BANK FSB,20250630,11943351,9803672,1216669,28315,9278145,83352,0.5688771936787255,15.642514934079447,0.4809188939301377,4.78
27476,BANCFIRST,20250630,11854841,10415989,1288968,102540,6673685,82958,0.5175185394726087,16.44841744072974,1.7567887030982259,16.43
57542,TOYOTA FINANCIAL SB,20250630,11760815,10194529,874586,13382,5779518,40774,0.008732388019027593,14.54187373244897,0.28540560461648146,3.12
57358,STIFEL BANK,20250630,11533211,10727356,760631,82267,7503817,29906,0.0014046391763750789,12.201277551339864,1.4603154523026252,22.54
1225,FARMERS&MERCHANTS BK LONG BE,20250630,11395539,8688047,1388352,30692,6361471,97528,0.4086950165323466,17.91057690601364,0.5326510845572315,4.45
26876,SAFRA NB OF NEW YORK,20250630,10797029,9070014,1302736,47223,2915410,26054,0.023006328870655065,25.926639122245454,0.8533943205053512,7.36
28834,COLUMBIA BANK,20250630,10734732,8197470,1083319,21423,8114656,64467,0.38356802945802465,13.534751828109446,0.4040183954128646,4.03
1281,WASHINGTON TRUST BANK,20250630,10675754,8682078,934421,37060,7163162,155927,0.66091818901035,11.552166740558329,0.6925785178502022,8.07
32551,LENDINGCLUB BANK NA,20250630,10661441,9258380,1204588,49463,5771115,252989,0.5546248391751172,15.487154892437315,0.9429269879894666,8.41
34742,EAGLEBANK,20250630,10550095,9133475,1198338,-64434,7575444,183796,2.381893243615342,14.246421936344866,-1.175186304315023,-10.49
58629,STELLAR BANK,20250630,10492328,8722009,1611658,56749,7204182,83165,0.5576932021187291,14.178782550746885,1.0697199178855328,7.04
22953,AMERANT BANK NATIONAL ASSN,20250630,10312330,8318138,986938,40198,7102677,86519,0.949096857839111,12.03298689850025,0.7948336406546395,8.39
59052,NBH BANK,20250630,9961087,8384604,1250874,60982,7416457,88866,0.4110193997904044,12.909065635882772,1.2280731372980545,9.99
21943,TRI COUNTIES BANK,20250630,9922103,8384591,1358229,56778,6836115,124455,0.6799566583817968,14.260559510312461,1.15836653819956,8.49
6653,PARK NATIONAL BANK,20250630,9891542,8518702,1139506,93394,7873267,89785,0.6692788647108813,11.840375310848389,1.9009091196817558,16.79
12854,CENTIER BANK,20250630,9834967,7960250,902275,80636,7676757,89631,0.13676710862375036,11.928656698421086,1.668422394991836,18.64
14531,AMARILLO NATIONAL BANK,20250630,9815574,8604947,1036595,88479,6811995,90237,1.4399769183136921,12.711597308033614,1.823236075232555,17.55
11124,S&T BANK,20250630,9804014,7965917,1412875,68273,7835854,98580,0.21738035053805513,14.178740408279946,1.4042834281782344,9.87
19629,INTERNATIONAL BK OF COM,20250630,9726584,6569893,1816884,136895,6437478,110340,0.7592902091834091,20.127012921635732,2.879311026586539,15.45
27981,CAPITOL FEDERAL SAVINGS BANK,20250630,9704907,6498433,995623,33892,8027543,22808,0.49901560107685733,0,0.7013242395793847,6.95
20624,BYLINE BANK,20250630,9700910,7843422,1284012,63921,7246142,107727,0.7473319513324007,12.939610698277889,1.3342268858514257,10.36
59108,CHARLES SCHWAB TRUST BANK,20250630,9667226,8855589,783648,95708,0,0,0,86.30216017593185,1.9398551270270883,24.4
33686,BANK HAPOALIM B M,20250630,9594176,7064826,,,7395797,,0,0,0,
12614,ORIGIN BANK,20250630,9582403,8195800,1137504,39069,7600898,92426,0.9108153768945013,13.129926185107735,0.8128521166320417,6.96
33935,WINTRUST BANK NATIONAL ASSN,20250630,9563900,8303944,1068072,84805,7836485,89284,0.6926672173485712,11.298405753466643,1.7765457830194582,15.8
27589,LAKE FOREST B&T CO NA,20250630,9544049,7481031,843041,98647,6464653,44507,0.21303327340419145,11.27170725277622,2.214187955820388,24.28
6544,PEOPLES BANK,20250630,9530755,7683645,1156916,52322,6529956,74680,0.4891952421397885,12.001544542813232,1.1208561825680392,9.17
27389,WELLS FARGO NB WEST,20250630,9406702,7407045,1542724,42591,5319687,17807,0.45847099227763355,52.001730903603416,0.8494542416219414,5.58
33661,MIZRAHI TEFAHOT BANK LTD,20250630,9370763,3309713,,,2427674,,0,0,0,
258,STOCK YARDS BANK&TRUST CO,20250630,9203594,7508412,1005466,69322,6764565,90722,0.1959886539975579,11.32743793233422,1.5372315521643547,14.23
23220,WOODFOREST NATIONAL BANK,20250630,9113582,8331793,709123,67781,6235221,96763,0.9409472587178126,10.01442317426849,1.5030942928276316,19.48
9087,1ST SOURCE BANK,20250630,9084652,7443183,1146233,78840,6938819,163484,0.8117647214224607,13.959014018017383,1.7537105822924166,14.22
34507,PRINCIPAL BANK,20250630,8964155,8379268,435366,46675,2627442,9117,0.1265038366694909,16.091449475024184,1.0589564803485583,22.68
34519,MERRICK BANK,20250630,8950391,7006482,1829700,26251,7306241,1238470,3.228272373799089,20.17452676860939,0.6416704730874508,3.19
57038,NICOLET NATIONAL BANK,20250630,8916994,7681464,1172644,68217,6780688,68408,0.32091532191229466,11.094265075184465,1.535075727657219,11.79
34697,WEX BANK,20250630,8869803,6514240,712764,190290,3733398,44853,0.2108164070836748,12.900564988623508,4.744362926519054,60.76
35444,BCORP BANK NATIONAL ASSN,20250630,8826561,7773842,942701,130067,6661516,59393,1.6931849221911002,15.799842243271767,2.8991814105737084,28.63
32526,AMERICAN SAVINGS BANK FSB,20250630,8813856,8051237,616966,-61508,6031126,65528,0.16099650368692203,12.794424501446741,-1.3534322317901226,-21.12
13421,UNION BANK&TRUST CO,20250630,8800747,7353458,874427,59319,6558243,108054,0.2967134494378716,11.648982624582928,1.355263443482711,13.76
58564,FLUSHING BANK,20250630,8776684,7341104,885372,10341,6668354,41247,0.7534166662488931,13.114427046989304,0.23123962079922236,2.35
622,AMALGAMATED BANK,20250630,8623488,7759988,793240,52518,4657891,58998,0.40778163082038266,14.836297093229236,1.2517672172514964,13.85
10634,PINNACLE BANK,20250630,8508672,7541161,779725,47856,6269816,72388,0.17966375951499833,12.105590496256218,1.1375209217589504,12.98
17943,LIBERTY BANK,20250630,8473696,6780960,1118801,33863,6396285,77362,0.3388249944298214,13.88340866466943,0.8205690470942127,6.19
4767,SUNFLOWER BANK NATIONAL ASSN,20250630,8423999,7204976,1055113,53481,6514854,82993,0.8471392268683794,13.405022842534356,1.2983960406944541,10.43
609,TOMPKINS COMMUNITY BANK,20250630,8337771,6759401,693936,40930,6114099,58555,0.6305282311063712,11.571997230045373,0.9995668462261773,12.21
18297,SOUTHSIDE BANK,20250630,8334715,6638026,948449,47817,4557940,44421,0.06452530170497732,15.92417064992382,1.139131766093767,10.16
23296,SALEM FIVE CENTS SB,20250630,8291041,5751539,915622,33199,6335373,70760,0.3599789218265837,13.548872965311688,0.82372549761528,7.37
17393,GERMAN AMERICAN BANK,20250630,8263551,7034108,1068934,48459,5677798,75510,0.30417915978251964,13.016935603988141,1.1662027189015616,9.81
5633,FIRST SECURITY BANK,20250630,8156223,6567618,1009089,71520,4178874,108823,0.08598342639724293,20.220145479452448,1.7740472660894784,14.48
3657,FIRST AMERICAN BANK,20250630,8108777,5018531,607135,63451,3051451,43048,0.1580632936384858,13.045887998574162,1.6324993552865517,20.71
11578,BURKE&HERBERT BANK&TRUST CO,20250630,8037294,6396608,880419,64502,5524712,67256,1.098292534776008,13.97814277944265,1.635106014958686,15.06
58228,B1BANK,20250630,7942392,6433821,919039,46806,5989831,58496,0.7594311638106002,12.023238889652706,1.1906077667786448,10.43
628,JPMORGAN CHASE BANK NA,20250331,3643099000,2601221000,316613000,12708000,1342795000,25153000,0.3312564385431195,15.74520102423668,1.4314115308151094,16.15
3510,BANK OF AMERICA NA,20250331,2615296000,2071624000,246924000,7133000,1095391000,13243000,0.4044284088684417,13.363138291050653,1.0964661141551424,11.59
7213,CITIBANK NATIONAL ASSN,20250331,1760921000,1361654000,174255000,3753000,654879000,17018000,0.28121647705944786,13.965219087988759,0.8683130797321602,8.7
3511,WELLS FARGO BANK NA,20250331,1711028000,1419560000,168241000,5543000,867976000,14040000,0.7298536318517289,13.170397775798056,1.2979114116337866,13.26
6548,U S BANK NATIONAL ASSN,20250331,659190767,523102129,64497788,1754735,375981345,7583806,0.7576438035880438,13.53219688946007,1.061788812446492,10.96
33124,GOLDMAN SACHS BANK USA,20250331,598460000,407086000,65748000,2335000,196998000,3744000,0.42275172943889316,16.67181185665355,1.6108489122026979,14.51
6384,PNC BANK NATIONAL ASSN,20250331,549324449,429504882,55389869,1607955,315562969,4543701,0.5705216663312941,11.918960071448318,1.163642312536023,11.82
9846,TRUIST BANK,20250331,527488000,413781000,61598000,1317000,304705000,4867000,0.4256020990050959,12.30723548801436,1.0028364203993831,8.61
4297,CAPITAL ONE NATIONAL ASSN,20250331,490573279,388747598,59193851,1542241,308385328,15899489,1.1894867188638703,13.93669166210544,1.261849000523747,10.72
14,STATE STREET BANK&TRUST CO,20250331,368219000,277920000,28020000,732000,44684000,176000,0.06164809529111752,15.315104172355543,0.8164995370938417,10.55
18409,TD BANK NATIONAL ASSN,20250331,366507088,295363367,48156546,386159,169780144,2746674,0.4996108015242532,17.4944567104462,0.41787265483721175,3.26
639,BANK OF NEW YORK MELLON,20250331,356262000,310780000,29672000,1088000,35727000,272000,0.05754192139492845,17.25267724418287,1.2574091650450654,15.1
57450,CHARLES SCHWAB BANK SSB,20250331,260404000,219880000,21297000,494000,45637000,21000,0.011520560360055913,43.373588765194135,0.7375487328979955,9.64
16571,BMO BANK NATIONAL ASSN,20250331,257049115,202571778,35481187,427760,142480581,2375249,0.7976736274699876,13.702264228372188,0.6572044232526387,4.88
32992,MORGAN STANLEY BANK NA,20250331,234481000,187089000,23458000,1116000,93022000,563000,0.34373787215168816,20.623637286819392,1.9192034273946512,19.6
11063,FIRST-CITIZENS BANK&TRUST CO,20250331,228632000,160110000,21996000,499000,139905000,1680000,0.6372686238146891,13.158341931176793,0.882844031624924,9.09
34221,MORGAN STANLEY PRIVATE BK NA,20250331,223785000,203572000,17746000,568000,149619000,374000,0.21315101548361148,26.45023436819863,1.0209148241595538,13.05
57957,CITIZENS BANK NATIONAL ASSN,20250331,220014392,181419006,25408466,415658,138541405,2014314,0.9521877096112876,12.330015815258516,0.7605935771944929,6.68
6672,FIFTH THIRD BANK NA,20250331,211921000,169032000,22977000,600000,120280000,2384000,0.5700237352598374,12.778947117086586,1.1317605006153948,10.66
588,MANUFACTURERS&TRADERS TR CO,20250331,209801428,169294179,28002760,616137,132428012,2199213,0.9741735408969667,12.45096147410101,1.1810243602291735,8.87
6560,HUNTINGTON NATIONAL BANK,20250331,208158806,169558883,20616122,600464,130701679,2263045,0.4925878562158932,11.759820464356983,1.1671213412163322,11.91
27471,AMERICAN EXPRESS NB,20250331,203447693,158851165,19159693,2109169,152237569,5486808,0.5480671633863157,11.849103357303044,4.255466605697381,44.75
17534,KEYBANK NATIONAL ASSN,20250331,185776316,155773280,17892281,486236,104420382,1442437,0.47214576049618723,13.042476671569164,1.0506460097843726,11.22
57803,ALLY BANK,20250331,182323000,155287000,14406000,15000,132311000,3406000,0.8325883185335914,11.971146609435273,0.03299132328197684,0.43
57890,HSBC BANK USA NATIONAL ASSN,20250331,166236581,139393219,16100625,294970,57079939,588367,0.5456933693793906,16.46371803284305,0.7127973934214584,7.41
913,NORTHERN TRUST CO,20250331,164498167,133476663,10986968,367445,40666183,167075,0.09639985836437923,11.986359521518235,0.9202059717954159,13.49
12368,REGIONS BANK,20250331,158421000,132993000,17382000,564000,94462000,1613000,0.7038208318341634,11.769122606476786,1.4353929992778498,13.45
57565,UBS BANK USA,20250331,116337907,97879104,9924547,327860,85394176,101157,0.061307618332862045,29.66544905842453,1.1139843851062978,13.48
27314,SYNCHRONY BANK,20250331,114809000,86092000,14306000,615000,85173000,10518000,1.9484535184523861,14.014714778373516,2.169809656535008,17.39
32188,USAA FEDERAL SAVINGS BANK,20250331,110780000,97291000,4322000,40000,41958000,1784000,0.44773424805921647,15.872591959548481,0.14545388430052592,3.88
29950,SANTANDER BANK N A,20250331,104558642,80783937,12843680,136316,49769376,1284477,1.0713892018605216,17.87608950860427,0.5261660939275049,4.28
32541,FLAGSTAR BANK NATIONAL ASSN,20250331,97568113,74441023,8602768,-76204,65955874,1168000,3.6008659919455446,13.358066466157126,-0.3084083278666577,-3.55
17281,CITY NATIONAL BANK,20250331,93149075,76488039,11539448,159631,63111204,713058,0.3266795725024645,16.19722126509074,0.6890215040870119,5.57
2270,ZIONS BCORP N A,20250331,87992370,76011070,6327719,169929,59355121,697433,0.36274054216291707,10.830444855503064,0.769052655672501,10.92
57512,WESTERN ALLIANCE BANK,20250331,82943883,69721272,7095773,195149,57988891,388607,1.384656659973346,11.969017912278677,0.9530740488974911,11.15
4977,FIRST HORIZON BANK,20250331,81201651,65207996,9057507,250026,61912114,822292,0.7721591769113167,11.353779528116444,1.226614684871456,11.21
18221,WEBSTER BANK NATIONAL ASSN,20250331,80212094,65844242,9632458,233962,52406751,713321,0.7821937674386109,12.55508704849119,1.1759151530388958,9.85
31628,EAST WEST BANK,20250331,75712113,63156194,7489605,292590,53517878,734856,0.24065237751322563,13.553277356903362,1.544479236298065,15.88
8273,UMB BANK NATIONAL ASSN,20250331,69014200,58142921,6773981,100390,35572458,368922,0.16149719912713617,10.537549541672341,0.6739600288297665,7.85
33555,SOUTHSTATE BANK NA,20250331,65108690,53444278,9248706,108622,46500960,623690,0.4295018069016594,12.294836007875102,0.7795015603782749,5.64
9396,VALLEY NATIONAL BANK,20250331,61817997,50173859,8026536,115062,48106311,578200,0.5854621915362285,12.63461017821064,0.7407553630740272,5.79
33306,CIBC BANK USA,20250331,61303250,48857202,10381141,194651,36471823,539458,1.2272970845754507,16.923190547186977,1.2678751297922688,7.59
34968,BANCO POPULAR DE PUERTO RICO,20250331,59140000,54706000,3312000,163000,25296000,676000,0.9012512681772066,15.70107594913695,1.1088812544644377,20.09
35583,PINNACLE BANK,20250331,54173093,44735690,6639380,150569,35874703,417462,0.3314283716456803,11.47900926531386,1.1293134771749396,9.16
3832,OLD NATIONAL BANK,20250331,53574412,41333273,6342902,156314,36052436,401932,0.8952613422990064,12.029727535917235,1.170682186614873,10
5510,FROST BANK,20250331,52059472,42861521,4020248,154470,20626573,275488,0.19308109771071055,13.946653107514159,1.1809610117059883,15.76
17266,UMPQUA BANK,20250331,51508816,42291904,5588117,93041,37259353,421495,0.3506739506495354,11.464067403960629,0.7221219765505554,6.73
4214,BOKF NATIONAL ASSN,20250331,50345105,38660790,5301470,124392,23449241,278594,0.3064190649716591,12.386180962537447,0.9970220866217041,9.54
7888,FIRST NB OF PENNSYLVANIA,20250331,48800205,38155227,6315179,130960,33957648,425594,0.3473182131099654,10.56229953031286,1.0773334746085843,8.38
57203,BARCLAYS BANK DELAWARE,20250331,45277000,35721000,6195000,163000,29609000,2334000,1.2037016586787994,14.291552212050373,1.4497103914440403,10.78
5296,ASSOCIATED BANK NA,20250331,43249136,35229355,4546126,104214,29978300,371348,0.3790503468092403,10.252061351043434,0.9670177910270182,9.26
33653,BANK OF CHINA,20250331,42330913,18505243,,,15362615,,0,0,0,
33893,RAYMOND JAMES BANK,20250331,41906621,37925051,3004652,141788,33117749,399920,0.4047188629214462,14.109787103863264,1.3642059643312212,19.08
34775,EVERBANK NATIONAL ASSN,20250331,41858343,30811669,3745049,74012,29955566,245938,1.2696226412975784,12.857374667268193,0.7162975116628987,7.96
623,DEUTSCHE BANK TR CO AMERICAS,20250331,39663000,27706000,9911000,236000,15206000,22000,0.6756927110909412,57.5460193949248,2.3765467064436137,9.64
4063,MIDFIRST BANK,20250331,39520217,24326470,3793385,107734,32359274,221258,12.006841966480094,17.86885589642798,1.096429453527481,11.28
110,BANK OZK,20250331,39165415,31925666,5831336,171959,30619723,488150,0.5419679582100687,11.324763989767096,1.776796931122383,11.92
16835,PROSPERITY BANK,20250331,38764102,28320731,7275847,133018,21628469,349101,0.20996229965549051,15.915723376486168,1.3580326729584928,7.24
58979,BANKUNITED NATIONAL ASSN,20250331,34811275,28520672,3200781,69109,23770152,219747,1.477472456840492,13.414357714608302,0.7896154412327901,8.59
33947,TD BANK USA NATIONAL ASSN,20250331,34737458,28325155,4449250,112710,8051792,914852,0.6026808294377787,33.974699536315896,1.2835600313573112,10.3
12441,HANCOCK WHITNEY BANK,20250331,34732348,29472691,4148197,122150,22806628,318119,0.4210656878135622,14.017563591040835,1.4000029684876696,12
24045,BANC OF CALIFORNIA,20250331,33692415,27517035,3859134,63722,23917343,234981,0.7094059597686898,13.741294738316792,0.7591520286612593,6.55
26881,SOFI BANK NATIONAL ASSN,20250331,32856707,27382942,4726207,169992,27109631,44369,0.07640144826442893,16.46051503275448,2.1267453170969333,14.68
22858,UNITED BANK,20250331,32690848,26592282,5383948,92484,23581290,310424,0.21795090785041732,13.519762903455387,1.181611506313197,7.11
24998,COMMERCE BANK,20250331,32238584,26196760,2900384,134856,17215281,167031,0.13425527622429073,14.49781803219673,1.6844657340531497,19.27
7551,FULTON BANK NATIONAL ASSN,20250331,31988630,26482475,3350599,98380,23498664,379677,0.6222023262640507,12.312297098507894,1.2315832886991844,11.82
5452,FIRST NATIONAL BANK OF OMAHA,20250331,31791811,26148420,3271622,94985,21693752,917821,0.6084082470168183,12.081318944677157,1.1914541435346946,11.9
34383,TEXAS CAPITAL BANK,20250331,31102641,26559632,3178283,53307,22101405,278379,0.30336973635132786,11.89644370164509,0.6909045881883434,6.29
7946,BNY MELLON NATIONAL ASSN,20250331,30061000,25327000,3632000,50000,18288000,23000,0.026612554472572436,13.775869350978459,0.6600986847533706,5.54
58177,SALLIE MAE BANK,20250331,28934031,20426390,2936737,334697,21153944,1452219,0.4884179463276306,11.584709506547421,4.540533904149719,47.65
1105,FIRST INTERSTATE BANK,20250331,28203871,22991983,3324981,57985,17162412,215275,0.7033679880325647,12.514557141525746,0.8099959379719961,7.04
30788,GLACIER BANK,20250331,27842369,20810915,3274834,58551,17048641,210400,0.14104403256777467,12.713472191203856,0.8405181544424295,7.26
16889,UNITED COMMUNITY BANK,20250331,27826806,24241174,3275458,74577,18250735,211974,0.34401361047329687,12.682347597357394,1.075306957117923,9.1
28088,WASHINGTON FEDERAL BANK,20250331,27629229,21588301,3023464,58223,20925569,202709,0.24457432380758795,13.050112569040827,0.84228673477778,7.72
803,WESBANCO BANK INC,20250331,27321021,21437798,3968123,1545,18686616,233617,0.3423517737495974,11.631935713861644,0.026887044718963492,0.18
20234,CITY NB OF FLORIDA,20250331,27175452,21966925,2618597,55245,18752266,198560,0.5179601060545378,14.09885415440063,0.8232904540257965,8.6
8728,ARVEST BANK,20250331,27136208,23977132,2069111,20989,18411901,207570,0.5843041887061007,11.234691661986698,0.31076047184244954,4.15
18714,FIRSTBANK,20250331,27110230,23836506,1652814,91180,15825100,159792,0.2679947754039711,15.624611404032615,1.341927699818662,22.75
3890,SIMMONS BANK,20250331,26749112,21959209,3574318,42691,16850263,252168,0.6032611475102425,12.44201712995119,0.6372716753220906,4.78
20504,AMERIS BANK,20250331,26427916,22015816,3899613,93822,20906477,345555,0.4386460135562713,13.537836044627799,1.4268692713458893,9.76
33497,CHARLES SCHWAB PREMIER BK SS,20250331,25262000,22876000,2334000,87000,1758000,0,0,61.67063627084042,1.3453434878416515,15.49
32773,EASTERN BANK,20250331,24985090,20970665,3411439,-214466,17699475,224310,0.39710083093556997,13.300243360534772,-3.394993901299796,-25.12
34589,ATLANTIC UNION BANK,20250331,24519745,20561746,3485558,59720,18243418,193796,0.31985650747999217,12.403851467585875,0.9752350195758385,6.86
12010,PROVIDENT BANK,20250331,24256157,18519274,2983108,72767,18749562,191770,0.4473668273172869,11.630585815994147,1.2059668569177011,9.92
58303,AMERIPRISE BANK FSB,20250331,24177571,22672002,1352998,181731,1397490,10763,0.010497332424336588,33.44242654766925,3.042635611461354,58.39
18053,BANK OF HAWAII,20250331,23852764,21112221,1580890,44966,13970257,147707,0.10482642598568452,13.161495114307836,0.7585897166648597,11.52
17985,FIRST HAWAIIAN BANK,20250331,23747623,20230264,2639068,61605,14127971,166612,0.10293661811963244,12.867087248345463,1.0358408631149667,9.4
18503,CATHAY BANK,20250331,23189059,19838783,2948530,74655,19190107,173936,0.7992001745305837,14.035615813983574,1.2920162722574486,10.21
35546,AXOS BANK,20250331,23099500,20330952,2432508,89328,19292721,236155,0.6121690945691465,12.1965123379944,1.555557055093734,14.82
11241,CENTENNIAL BANK,20250331,22918993,18097184,3854733,119266,14672172,279944,0.5642787185283402,14.456270408246699,2.104516378859356,12.5
34444,CUSTOMERS BANK,20250331,22416411,19133891,1829021,14953,14956892,141076,0.32316948507055837,12.402972287057738,0.2675432511742982,3.27
33682,STATE BANK OF INDIA,20250331,21608100,12749471,,,13744185,,0,0,0,
58457,TRISTATE CAPITAL BANK,20250331,20707539,18974002,1452903,36326,15183294,51959,0.21681475524445468,17.165069758067723,0.6972907401355092,10.2
17838,WILMINGTON SVG FUND SOCIETY,20250331,20460842,17132859,2591904,69682,12975323,187515,0.6292263045675247,14.122055000846725,1.3536230120962742,10.91
9712,ROCKLAND TRUST CO,20250331,19887343,15908572,3148351,46841,14356401,144092,0.449999781267915,15.309799143734235,0.9543308497542419,6.13
12633,CENTRAL TRUST BANK,20250331,19551204,15478780,1859134,85730,11358539,153738,0.27545618162441554,13.324527541168083,1.7684635534292252,19.12
57311,STIFEL BANK&TRUST,20250331,19529888,17901748,1374975,87229,14566278,109560,0.893794168200043,11.0964837634016,1.7874897184991605,25.48
30387,FIRSTBANK PUERTO RICO,20250331,19102301,16874463,1739360,75052,12442842,247269,0.801249022303648,15.561309252303607,1.5640520601851202,17.49
57408,OPTUM BANK INC,20250331,18867000,14996000,2399000,137000,7003000,71000,0.09540467482906663,15.6540986108991,2.921420194050538,24.05
8056,MERCHANTS BANK OF INDIANA,20250331,18740858,12468176,2113184,59355,14716974,83413,1.545793687780997,12.15342559801464,1.2708792515098248,11.34
57993,SERVISFIRST BANK,20250331,18635833,14452961,1727288,63813,12733183,165034,0.4006260412400132,11.880270734530814,1.4185942260971942,15
4365,FIRST MERCHANTS BANK,20250331,18425841,14508219,2332623,57504,12835878,192031,0.49478338600664146,11.650788283621663,1.2526407096903207,9.9
6600,FIRST FINANCIAL BANK,20250331,18340467,14436329,2457899,59080,11586575,155482,0.3270036689905442,12.503479095917896,1.2836207316806554,9.7
4988,TRUSTMARK NATIONAL BANK,20250331,18293845,15175012,2112860,55671,13263148,167010,0.9349866034177069,12.239516088607916,1.2220610769864617,10.67
12437,RENASANT BANK,20250331,18272048,15174200,2743264,47074,13077665,203931,0.5877666258319811,12.705376980275057,1.037189286218491,6.93
16068,APPLE BANK,20250331,17944824,14874335,1528149,10636,12546565,62184,0.5360375783011302,11.445290062730379,0.24029818121433497,2.81
35095,TOWNEBANK,20250331,17511883,14760571,2200659,50592,11695127,126131,0.03903635034564815,12.7478653849849,1.164372607865125,9.33
30012,THIRD FS&LA OF CLEVELAND,20250331,17099007,10512762,1715192,20378,15365946,70546,0.21645116584840277,16.723474328054333,0.47743624374961763,4.75
26610,BANK OF HOPE,20250331,17063123,14514368,2233899,24286,13188065,147412,0.5609992965531574,13.802980708841183,0.5695603183015724,4.37
1768,MECHANICS BANK,20250331,16544299,13990207,2374091,43791,9344709,75515,0.14556675988508186,16.89473839980543,1.0603725705508342,7.49
6989,COMMUNITY BANK NATIONAL ASSN,20250331,16504226,14085584,1448302,40636,10338835,83183,0.4709339292857478,12.26626632689534,0.9961604884510524,11.56
4239,FIRST UNITED BANK&TRUST CO,20250331,16287458,12598483,1434442,33577,12528389,140111,1.112064264417443,11.458670925556014,0.8253056705875875,9.39
57833,BEAL BANK USA,20250331,16287294,8914506,3101516,-12742,3599029,24012,2.4288319471607744,52.750530026272116,-0.3136212557532176,-1.59
28489,BANNER BANK,20250331,16187323,13677444,1865328,47259,11306009,157323,0.2621001631956068,12.912179186546993,1.1669614277875173,10.28
25178,BANK OF AMERICA CA NA,20250331,16118000,13313000,1824000,22000,10574000,13000,0.4405013028911776,32.76450511945392,0.5533025244427677,4.85
131,SEACOAST NATIONAL BANK,20250331,15723411,12581505,2208632,31980,10318770,140267,0.49771643061419685,13.851831987164045,0.8282171618806835,5.83
27237,ENTERPRISE BANK&TRUST,20250331,15647682,13161765,1870654,52966,11155819,142944,0.867598152876573,12.390743295939963,1.3574165901481774,11.47
21716,CITIZENS BUSINESS BANK,20250331,15263140,12039174,2212100,52459,8285380,78252,0.17119675243757182,16.358566441098805,1.3794206033778569,9.59
34967,POPULAR BANK,20250331,14528600,11952885,2009070,14816,11047651,85885,0.3594152223889432,13.745823512448831,0.41068614154985583,2.97
19581,BELL BANK,20250331,14499349,12679006,1370693,19686,11786115,124797,0.6180208504533549,11.881544020778376,0.5424439447380065,5.79
28178,NORTHWEST BANK,20250331,14475487,12506747,1627220,46916,11167471,122809,0.4105768600393202,12.976592258580396,1.2969809517326172,11.66
3066,FIRST FINANCIAL BANK,20250331,14259207,12576712,1553950,57716,7858879,101080,0.4325626242749685,17.79090733222286,1.6382340716056825,15.28
6976,DIME COMMUNITY BANK,20250331,14085196,11693991,1596888,25445,10780807,90455,0.4120709431377455,13.995568919102874,0.716204496157033,6.41
29209,NEXBANK,20250331,13909181,10602877,1310982,45373,8892849,35874,0.7147509260250479,15.40462053900823,1.3032506838508022,13.75
7230,NBT BANK NATIONAL ASSN,20250331,13760410,11938584,1517748,34586,9876895,117000,0.34881954825473954,11.889539979009605,1.0081986098207467,9.2
19977,ISRAEL DISCOUNT BANK OF NY,20250331,13581365,11758189,1347859,21873,9486158,81015,0.680049464836561,13.63095405759901,0.6377548045186617,6.58
33681,BANK OF BARODA,20250331,13567481,8679032,,,8656796,,0,0,0,
58665,LIVE OAK BANKING CO,20250331,13503776,12445573,1001802,13192,10871682,190184,3.644987890794397,10.637732553002243,0.4003678030173413,5.35
57570,COMENITY CAPITAL BANK,20250331,13240224,9942092,1826524,70099,9528258,1366095,3.2625278847246086,15.330041370862308,2.1159618736566346,15.23
28359,OCEANFIRST BANK NA,20250331,13218348,10309166,1704184,22877,10067770,78798,0.29477208498369084,11.920865094248652,0.6893211789389887,5.38
8663,FIRSTBANK,20250331,13107117,11235086,1571133,39653,9793775,150531,0.8212179688332683,12.650316617427599,1.2095943315346362,10.24
17491,PLAINSCAPITAL BANK,20250331,12875225,10933941,1471438,22797,8295741,106181,0.8800156890462109,15.057569022225273,0.6959750936350884,6.2
15019,FIRST BANK,20250331,12436789,10770712,1583836,38113,7987568,120631,0.27217636320757715,15.39548140733088,1.2402175009518106,9.82
35141,BMW BANK OF NORTH AMERICA,20250331,12294454,8074760,1918616,75688,9414493,38786,0.08447711464047122,16.79545450226807,2.467721458809477,16.12
16450,BUSEY BANK,20250331,11976513,10024728,1608789,20812,7755261,82703,0.0569447885206654,16.208046346135717,0.6940850609379636,5.21
27476,BANCFIRST,20250331,11760868,10388313,1248358,49204,6648570,83233,0.3861109571164305,16.00637873179682,1.6991889277141947,16.02
7468,FIRST COMMONWEALTH BANK,20250331,11756097,9950424,1409166,34684,9014796,119931,0.5259483653460838,11.83832544660499,1.1903403932003125,9.98
32245,DOLLAR BANK FSB,20250331,11742879,9826174,1188394,13902,9113013,79426,0.5396206500978168,16.017209517024543,0.47563223043016456,4.76
31469,ORIENTAL BANK,20250331,11590201,9934489,1170624,43684,7688271,181173,1.3256198059032798,12.95052969929817,1.5190532797053695,14.81
1225,FARMERS&MERCHANTS BK LONG BE,20250331,11487118,8696628,1378693,16814,6322463,96584,0.4481628899433261,17.905572687388396,0.5803637861661124,4.9
57358,STIFEL BANK,20250331,11477591,10649229,725732,41829,6843354,30501,0.0006970103743895387,13.083168551926935,1.5027590010742846,23.41
34742,EAGLEBANK,20250331,11267391,9291538,1256474,3529,7829088,129469,1.8007984279590545,14.82424293846021,0.12633374348244836,1.14
26876,SAFRA NB OF NEW YORK,20250331,11099112,9419824,1292774,33177,2823969,24347,0.00007207783829913601,26.19220370017659,1.1846670299902653,10.42
1281,WASHINGTON TRUST BANK,20250331,10702785,8714124,918066,17241,6911380,151550,0.6775993351263246,11.631447007765408,0.6436104902238428,7.57
28834,COLUMBIA BANK,20250331,10607834,8253380,1062753,9009,7969688,62034,0.24804309720532955,13.510778779776283,0.3418950030540571,3.42
58629,STELLAR BANK,20250331,10432888,8603944,1620866,27403,7199387,83746,0.5693246203735726,14.200001421334202,1.0273938737942625,6.79
32551,LENDINGCLUB BANK NA,20250331,10343576,9018229,1150642,12034,5490352,244193,0.6004403119385404,15.694583661818918,0.46256412316298307,4.14
27389,WELLS FARGO NB WEST,20250331,10221426,8419160,1522845,20314,5495271,18077,0.41425726703886523,47.580233673558375,0.7859611491093252,5.36
22953,AMERANT BANK NATIONAL ASSN,20250331,10147301,8241155,958260,15177,7120896,98266,1.3871668929501548,11.771226700040264,0.6061061994746141,6.43
59052,NBH BANK,20250331,10061641,8545676,1224539,26283,7566646,90170,0.3602493867551029,12.320468659401971,1.0601775715749948,8.71
6653,PARK NATIONAL BANK,20250331,9835981,8493134,1117268,44308,7795463,88129,0.6440842047173535,11.690208607893972,1.809672084236666,16.12
59108,CHARLES SCHWAB TRUST BANK,20250331,9831340,9004509,791513,47501,0,0,0,86.92001833483863,1.9061973032189927,24.2
21943,TRI COUNTIES BANK,20250331,9815501,8211270,1347509,27763,6694379,128423,0.5862054315923354,14.483813068540774,1.139740612845092,8.36
57919,CONNECTONE BANK,20250331,9751832,7805107,1289096,21233,8118933,82403,0.5112885455778976,12.81698961143454,0.8656540258130667,6.62
14531,AMARILLO NATIONAL BANK,20250331,9743947,8513074,1009091,44708,6992561,90040,1.2469382273938887,12.096509984483468,1.8530320484541272,17.99
27981,CAPITOL FEDERAL SAVINGS BANK,20250331,9738052,6474772,975553,15476,7877973,23970,0.1131540476473118,0,0.6418072788683937,6.42
11124,S&T BANK,20250331,9713424,7935139,1387283,34817,7737339,99010,0.22998069475809974,14.251990891191188,1.4382292228684725,10.17
12614,ORIGIN BANK,20250331,9667917,8402764,1128131,23609,7503706,92011,0.8616644102343866,13.40631974214857,0.9808448283768226,8.47
33935,WINTRUST BANK NATIONAL ASSN,20250331,9641519,8356958,1077306,46527,7683245,76791,0.45044769397851103,11.61438042010576,1.9510593450886682,17.29
20624,BYLINE BANK,20250331,9566291,7584919,1226326,30718,6946750,100420,0.62582248438815,12.962305600185312,1.290382475028192,10.16
19629,INTERNATIONAL BK OF COM,20250331,9542204,6566935,1762995,67031,6413204,109465,0.797624951216721,19.46279929635586,2.8523781236117043,15.32
12854,CENTIER BANK,20250331,9470954,7527967,867303,37683,7386874,86869,0.1408728202037514,11.915290613430416,1.5731200731392503,17.8
35444,BCORP BANK NATIONAL ASSN,20250331,9385015,8374080,911566,63381,6539234,52497,1.2673075109629552,15.325436977691018,2.802693935384177,28.44
33686,BANK HAPOALIM B M,20250331,9382595,7035981,,,7196550,,0,0,0,
6544,PEOPLES BANK,20250331,9234619,7774853,1145822,28081,6365701,65232,0.49597065130678375,12.20784780487469,1.2157936930458633,9.91
57542,TOYOTA FINANCIAL SB,20250331,9170743,7600225,858360,4265,4684876,25019,0.00037074422432293653,20.180237386870253,0.2084074064278537,2.01
32526,AMERICAN SAVINGS BANK FSB,20250331,9162762,8239631,583975,-87214,6008653,64554,0.14544740985305524,12.327530674503835,-3.7808769923096217,-61.72
23220,WOODFOREST NATIONAL BANK,20250331,9100532,8332439,701597,29923,6277361,80944,1.130813011810738,9.941433665678243,1.334135577297982,17.37
58564,FLUSHING BANK,20250331,9008074,7778728,873677,-5237,6731422,40037,0.7133933402412103,12.739688946238454,-0.232043658502584,-2.38
258,STOCK YARDS BANK&TRUST CO,20250331,8992689,7295098,976388,34149,6565343,88814,0.18051330364032384,11.273269304567004,1.530177244746695,14.25
57038,NICOLET NATIONAL BANK,20250331,8961944,7729854,1170289,32376,6686210,67480,0.3266144041962324,11.285828734320745,1.4595029188029787,11.26
9087,1ST SOURCE BANK,20250331,8959893,7418267,1111650,39602,6708228,157470,0.4666796802149311,14.08447928936694,1.7710089299509666,14.53
34519,MERRICK BANK,20250331,8907169,6971341,1849398,46955,4995171,972820,2.653851072097094,30.768028930240632,2.4085890011915345,12.12
27589,LAKE FOREST B&T CO NA,20250331,8724205,6807136,813869,42647,6035907,47176,0.23422191477618878,11.537715981127954,1.9850487156610999,21.4
13421,UNION BANK&TRUST CO,20250331,8703477,7406232,850101,30868,6418703,103784,0.2786472578717678,11.638724364867668,1.4142714480950913,14.42
34507,PRINCIPAL BANK,20250331,8687582,8212813,417150,23645,2589621,7231,0.11014572294108994,16.151320363469743,1.0820463535249536,23.66
58410,CROSS RIVER BANK,20250331,8543817,6564584,1037491,18451,6159122,110994,7.635322713489767,0,0.8780318638101245,7.16
10634,PINNACLE BANK,20250331,8455213,7442509,738091,22901,6150498,71384,0.1966006060403209,11.922173590446466,1.094851797782293,12.79
33661,MIZRAHI TEFAHOT BANK LTD,20250331,8428578,2800884,,,2078349,,0,0,0,
17393,GERMAN AMERICAN BANK,20250331,8410798,7192623,1033169,15135,5578081,75158,0.2213820852670579,12.56084344915292,0.7264160027501577,6.39
18297,SOUTHSIDE BANK,20250331,8338856,6621941,933574,23804,4523519,44623,0.05566710829399141,15.578349271351078,1.1300724471908976,10.16
622,AMALGAMATED BANK,20250331,8289862,7456463,760425,25747,4623497,57676,0.40941574178195006,14.728573320428376,1.2446008393091708,13.9
4767,SUNFLOWER BANK NATIONAL ASSN,20250331,8204826,6980349,1025800,25322,6457821,91790,1.0233855050673835,12.85235875529197,1.243558023704312,10.02
17943,LIBERTY BANK,20250331,8183976,6709753,1082900,-3291,6141755,74318,0.4163257565760212,14.052340245955463,-0.1616511304834319,-1.22
609,TOMPKINS COMMUNITY BANK,20250331,8161538,6791460,673963,18582,6005622,61023,0.8718822359217098,11.628927186890275,0.9158843046685541,11.28
5633,FIRST SECURITY BANK,20250331,8075696,6533737,999091,35793,4102476,107077,0.06398210135696043,20.053262407686773,1.7860182435279264,14.64
23296,SALEM FIVE CENTS SB,20250331,8046347,5641218,899071,15059,6070588,69272,0.42404335781193625,13.635037211489504,0.7581125569849281,6.74
